<Anims>
 <anim name="idle" root="skullflask" numframes="1000" framerate="40">
  <frame idx="0" w="119" h="218" x="6.000038" y="-44.499939">
   <element name="symbol0" layername="flask ground" frame="0" z_index="2" m_a="1.000000" m_b="0.000000" m_c="0.000000" m_d="1.000000" m_tx="1.000000" m_ty="-33.000000"/>
  </frame>
  <frame idx="25" w="119" h="218" x="6.000038" y="-44.499939">
   <element name="symbol0" layername="flask ground" frame="0" z_index="2" m_a="1.000000" m_b="0.000000" m_c="0.000000" m_d="1.000000" m_tx="1.000000" m_ty="-33.000000"/>
  </frame>
  <frame idx="50" w="119" h="218" x="6.000038" y="-44.499939">
   <element name="symbol0" layername="flask ground" frame="0" z_index="2" m_a="1.000000" m_b="0.000000" m_c="0.000000" m_d="1.000000" m_tx="1.000000" m_ty="-33.000000"/>
  </frame>
  <frame idx="75" w="119" h="218" x="6.000038" y="-44.499939">
   <element name="symbol0" layername="flask ground" frame="0" z_index="2" m_a="1.000000" m_b="0.000000" m_c="0.000000" m_d="1.000000" m_tx="1.000000" m_ty="-33.000000"/>
  </frame>
  <frame idx="100" w="119" h="218" x="6.000038" y="-44.499939">
   <element name="symbol0" layername="flask ground" frame="0" z_index="2" m_a="1.000000" m_b="0.000000" m_c="0.000000" m_d="1.000000" m_tx="1.000000" m_ty="-33.000000"/>
  </frame>
  <frame idx="125" w="119" h="218" x="6.000038" y="-44.499939">
   <element name="symbol0" layername="flask ground" frame="0" z_index="2" m_a="1.000000" m_b="0.000000" m_c="0.000000" m_d="1.000000" m_tx="1.000000" m_ty="-33.000000"/>
  </frame>
  <frame idx="150" w="119" h="218" x="6.000038" y="-44.499939">
   <element name="symbol0" layername="flask ground" frame="0" z_index="2" m_a="1.000000" m_b="0.000000" m_c="0.000000" m_d="1.000000" m_tx="1.000000" m_ty="-33.000000"/>
  </frame>
  <frame idx="175" w="119" h="218" x="6.000038" y="-44.499939">
   <element name="symbol0" layername="flask ground" frame="0" z_index="2" m_a="1.000000" m_b="0.000000" m_c="0.000000" m_d="1.000000" m_tx="1.000000" m_ty="-33.000000"/>
  </frame>
  <frame idx="200" w="119" h="218" x="6.000038" y="-44.499939">
   <element name="symbol0" layername="flask ground" frame="0" z_index="2" m_a="1.000000" m_b="0.000000" m_c="0.000000" m_d="1.000000" m_tx="1.000000" m_ty="-33.000000"/>
  </frame>
  <frame idx="225" w="119" h="218" x="6.000038" y="-44.499939">
   <element name="symbol0" layername="flask ground" frame="0" z_index="2" m_a="1.000000" m_b="0.000000" m_c="0.000000" m_d="1.000000" m_tx="1.000000" m_ty="-33.000000"/>
  </frame>
  <frame idx="250" w="119" h="218" x="6.000038" y="-44.499939">
   <element name="symbol0" layername="flask ground" frame="0" z_index="2" m_a="1.000000" m_b="0.000000" m_c="0.000000" m_d="1.000000" m_tx="1.000000" m_ty="-33.000000"/>
  </frame>
  <frame idx="275" w="119" h="218" x="6.000038" y="-44.499939">
   <element name="symbol0" layername="flask ground" frame="0" z_index="2" m_a="1.000000" m_b="0.000000" m_c="0.000000" m_d="1.000000" m_tx="1.000000" m_ty="-33.000000"/>
  </frame>
  <frame idx="300" w="119" h="218" x="6.000038" y="-44.499939">
   <element name="symbol0" layername="flask ground" frame="0" z_index="2" m_a="1.000000" m_b="0.000000" m_c="0.000000" m_d="1.000000" m_tx="1.000000" m_ty="-33.000000"/>
  </frame>
  <frame idx="325" w="119" h="218" x="6.000038" y="-44.499939">
   <element name="symbol0" layername="flask ground" frame="0" z_index="2" m_a="1.000000" m_b="0.000000" m_c="0.000000" m_d="1.000000" m_tx="1.000000" m_ty="-33.000000"/>
  </frame>
  <frame idx="350" w="119" h="218" x="6.000038" y="-44.499939">
   <element name="symbol0" layername="flask ground" frame="0" z_index="2" m_a="1.000000" m_b="0.000000" m_c="0.000000" m_d="1.000000" m_tx="1.000000" m_ty="-33.000000"/>
  </frame>
  <frame idx="375" w="119" h="218" x="6.000038" y="-44.499939">
   <element name="symbol0" layername="flask ground" frame="0" z_index="2" m_a="1.000000" m_b="0.000000" m_c="0.000000" m_d="1.000000" m_tx="1.000000" m_ty="-33.000000"/>
  </frame>
  <frame idx="400" w="119" h="218" x="6.000038" y="-44.499939">
   <element name="symbol0" layername="flask ground" frame="0" z_index="2" m_a="1.000000" m_b="0.000000" m_c="0.000000" m_d="1.000000" m_tx="1.000000" m_ty="-33.000000"/>
  </frame>
  <frame idx="425" w="119" h="218" x="6.000038" y="-44.499939">
   <element name="symbol0" layername="flask ground" frame="0" z_index="2" m_a="1.000000" m_b="0.000000" m_c="0.000000" m_d="1.000000" m_tx="1.000000" m_ty="-33.000000"/>
  </frame>
  <frame idx="450" w="119" h="218" x="6.000038" y="-44.499939">
   <element name="symbol0" layername="flask ground" frame="0" z_index="2" m_a="1.000000" m_b="0.000000" m_c="0.000000" m_d="1.000000" m_tx="1.000000" m_ty="-33.000000"/>
  </frame>
  <frame idx="475" w="119" h="218" x="6.000038" y="-44.499939">
   <element name="symbol0" layername="flask ground" frame="0" z_index="2" m_a="1.000000" m_b="0.000000" m_c="0.000000" m_d="1.000000" m_tx="1.000000" m_ty="-33.000000"/>
  </frame>
  <frame idx="500" w="119" h="218" x="6.000038" y="-44.499939">
   <element name="symbol0" layername="flask ground" frame="0" z_index="2" m_a="1.000000" m_b="0.000000" m_c="0.000000" m_d="1.000000" m_tx="1.000000" m_ty="-33.000000"/>
  </frame>
  <frame idx="525" w="119" h="218" x="6.000038" y="-44.499939">
   <element name="symbol0" layername="flask ground" frame="0" z_index="2" m_a="1.000000" m_b="0.000000" m_c="0.000000" m_d="1.000000" m_tx="1.000000" m_ty="-33.000000"/>
  </frame>
  <frame idx="550" w="119" h="218" x="6.000038" y="-44.499939">
   <element name="symbol0" layername="flask ground" frame="0" z_index="2" m_a="1.000000" m_b="0.000000" m_c="0.000000" m_d="1.000000" m_tx="1.000000" m_ty="-33.000000"/>
  </frame>
  <frame idx="575" w="119" h="218" x="6.000038" y="-44.499939">
   <element name="symbol0" layername="flask ground" frame="0" z_index="2" m_a="1.000000" m_b="0.000000" m_c="0.000000" m_d="1.000000" m_tx="1.000000" m_ty="-33.000000"/>
  </frame>
  <frame idx="600" w="119" h="218" x="6.000038" y="-44.499939">
   <element name="symbol0" layername="flask ground" frame="0" z_index="2" m_a="1.000000" m_b="0.000000" m_c="0.000000" m_d="1.000000" m_tx="1.000000" m_ty="-33.000000"/>
  </frame>
  <frame idx="625" w="119" h="218" x="6.000038" y="-44.499939">
   <element name="symbol0" layername="flask ground" frame="0" z_index="2" m_a="1.000000" m_b="0.000000" m_c="0.000000" m_d="1.000000" m_tx="1.000000" m_ty="-33.000000"/>
  </frame>
  <frame idx="650" w="119" h="218" x="6.000038" y="-44.499939">
   <element name="symbol0" layername="flask ground" frame="0" z_index="2" m_a="1.000000" m_b="0.000000" m_c="0.000000" m_d="1.000000" m_tx="1.000000" m_ty="-33.000000"/>
  </frame>
  <frame idx="675" w="119" h="218" x="6.000038" y="-44.499939">
   <element name="symbol0" layername="flask ground" frame="0" z_index="2" m_a="1.000000" m_b="0.000000" m_c="0.000000" m_d="1.000000" m_tx="1.000000" m_ty="-33.000000"/>
  </frame>
  <frame idx="700" w="119" h="218" x="6.000038" y="-44.499939">
   <element name="symbol0" layername="flask ground" frame="0" z_index="2" m_a="1.000000" m_b="0.000000" m_c="0.000000" m_d="1.000000" m_tx="1.000000" m_ty="-33.000000"/>
  </frame>
  <frame idx="725" w="119" h="218" x="6.000038" y="-44.499939">
   <element name="symbol0" layername="flask ground" frame="0" z_index="2" m_a="1.000000" m_b="0.000000" m_c="0.000000" m_d="1.000000" m_tx="1.000000" m_ty="-33.000000"/>
  </frame>
  <frame idx="750" w="119" h="218" x="6.000038" y="-44.499939">
   <element name="symbol0" layername="flask ground" frame="0" z_index="2" m_a="1.000000" m_b="0.000000" m_c="0.000000" m_d="1.000000" m_tx="1.000000" m_ty="-33.000000"/>
  </frame>
  <frame idx="775" w="119" h="218" x="6.000038" y="-44.499939">
   <element name="symbol0" layername="flask ground" frame="0" z_index="2" m_a="1.000000" m_b="0.000000" m_c="0.000000" m_d="1.000000" m_tx="1.000000" m_ty="-33.000000"/>
  </frame>
  <frame idx="800" w="119" h="218" x="6.000038" y="-44.499939">
   <element name="symbol0" layername="flask ground" frame="0" z_index="2" m_a="1.000000" m_b="0.000000" m_c="0.000000" m_d="1.000000" m_tx="1.000000" m_ty="-33.000000"/>
  </frame>
  <frame idx="825" w="119" h="218" x="6.000038" y="-44.499939">
   <element name="symbol0" layername="flask ground" frame="0" z_index="2" m_a="1.000000" m_b="0.000000" m_c="0.000000" m_d="1.000000" m_tx="1.000000" m_ty="-33.000000"/>
  </frame>
  <frame idx="850" w="119" h="218" x="6.000038" y="-44.499939">
   <element name="symbol0" layername="flask ground" frame="0" z_index="2" m_a="1.000000" m_b="0.000000" m_c="0.000000" m_d="1.000000" m_tx="1.000000" m_ty="-33.000000"/>
  </frame>
  <frame idx="875" w="119" h="218" x="6.000038" y="-44.499939">
   <element name="symbol0" layername="flask ground" frame="0" z_index="2" m_a="1.000000" m_b="0.000000" m_c="0.000000" m_d="1.000000" m_tx="1.000000" m_ty="-33.000000"/>
  </frame>
  <frame idx="900" w="119" h="218" x="6.000038" y="-44.499939">
   <element name="symbol0" layername="flask ground" frame="0" z_index="2" m_a="1.000000" m_b="0.000000" m_c="0.000000" m_d="1.000000" m_tx="1.000000" m_ty="-33.000000"/>
  </frame>
  <frame idx="925" w="119" h="218" x="6.000038" y="-44.499939">
   <element name="symbol0" layername="flask ground" frame="0" z_index="2" m_a="1.000000" m_b="0.000000" m_c="0.000000" m_d="1.000000" m_tx="1.000000" m_ty="-33.000000"/>
  </frame>
  <frame idx="950" w="119" h="218" x="6.000038" y="-44.499939">
   <element name="symbol0" layername="flask ground" frame="0" z_index="2" m_a="1.000000" m_b="0.000000" m_c="0.000000" m_d="1.000000" m_tx="1.000000" m_ty="-33.000000"/>
  </frame>
  <frame idx="975" w="119" h="218" x="6.000038" y="-44.499939">
   <element name="symbol0" layername="flask ground" frame="0" z_index="2" m_a="1.000000" m_b="0.000000" m_c="0.000000" m_d="1.000000" m_tx="1.000000" m_ty="-33.000000"/>
  </frame>
 </anim>
 <anim name="empty" root="skullflask" numframes="1000" framerate="40">
  <frame idx="0" w="203" h="136" x="-14.500000" y="-20.000046">
   <element name="symbol0" layername="flask empty ground" frame="1" z_index="2" m_a="1.000000" m_b="0.000000" m_c="0.000000" m_d="1.000000" m_tx="1.000000" m_ty="-14.000000"/>
  </frame>
  <frame idx="25" w="203" h="136" x="-14.500000" y="-20.000046">
   <element name="symbol0" layername="flask empty ground" frame="1" z_index="2" m_a="1.000000" m_b="0.000000" m_c="0.000000" m_d="1.000000" m_tx="1.000000" m_ty="-14.000000"/>
  </frame>
  <frame idx="50" w="203" h="136" x="-14.500000" y="-20.000046">
   <element name="symbol0" layername="flask empty ground" frame="1" z_index="2" m_a="1.000000" m_b="0.000000" m_c="0.000000" m_d="1.000000" m_tx="1.000000" m_ty="-14.000000"/>
  </frame>
  <frame idx="75" w="203" h="136" x="-14.500000" y="-20.000046">
   <element name="symbol0" layername="flask empty ground" frame="1" z_index="2" m_a="1.000000" m_b="0.000000" m_c="0.000000" m_d="1.000000" m_tx="1.000000" m_ty="-14.000000"/>
  </frame>
  <frame idx="100" w="203" h="136" x="-14.500000" y="-20.000046">
   <element name="symbol0" layername="flask empty ground" frame="1" z_index="2" m_a="1.000000" m_b="0.000000" m_c="0.000000" m_d="1.000000" m_tx="1.000000" m_ty="-14.000000"/>
  </frame>
  <frame idx="125" w="203" h="136" x="-14.500000" y="-20.000046">
   <element name="symbol0" layername="flask empty ground" frame="1" z_index="2" m_a="1.000000" m_b="0.000000" m_c="0.000000" m_d="1.000000" m_tx="1.000000" m_ty="-14.000000"/>
  </frame>
  <frame idx="150" w="203" h="136" x="-14.500000" y="-20.000046">
   <element name="symbol0" layername="flask empty ground" frame="1" z_index="2" m_a="1.000000" m_b="0.000000" m_c="0.000000" m_d="1.000000" m_tx="1.000000" m_ty="-14.000000"/>
  </frame>
  <frame idx="175" w="203" h="136" x="-14.500000" y="-20.000046">
   <element name="symbol0" layername="flask empty ground" frame="1" z_index="2" m_a="1.000000" m_b="0.000000" m_c="0.000000" m_d="1.000000" m_tx="1.000000" m_ty="-14.000000"/>
  </frame>
  <frame idx="200" w="203" h="136" x="-14.500000" y="-20.000046">
   <element name="symbol0" layername="flask empty ground" frame="1" z_index="2" m_a="1.000000" m_b="0.000000" m_c="0.000000" m_d="1.000000" m_tx="1.000000" m_ty="-14.000000"/>
  </frame>
  <frame idx="225" w="203" h="136" x="-14.500000" y="-20.000046">
   <element name="symbol0" layername="flask empty ground" frame="1" z_index="2" m_a="1.000000" m_b="0.000000" m_c="0.000000" m_d="1.000000" m_tx="1.000000" m_ty="-14.000000"/>
  </frame>
  <frame idx="250" w="203" h="136" x="-14.500000" y="-20.000046">
   <element name="symbol0" layername="flask empty ground" frame="1" z_index="2" m_a="1.000000" m_b="0.000000" m_c="0.000000" m_d="1.000000" m_tx="1.000000" m_ty="-14.000000"/>
  </frame>
  <frame idx="275" w="203" h="136" x="-14.500000" y="-20.000046">
   <element name="symbol0" layername="flask empty ground" frame="1" z_index="2" m_a="1.000000" m_b="0.000000" m_c="0.000000" m_d="1.000000" m_tx="1.000000" m_ty="-14.000000"/>
  </frame>
  <frame idx="300" w="203" h="136" x="-14.500000" y="-20.000046">
   <element name="symbol0" layername="flask empty ground" frame="1" z_index="2" m_a="1.000000" m_b="0.000000" m_c="0.000000" m_d="1.000000" m_tx="1.000000" m_ty="-14.000000"/>
  </frame>
  <frame idx="325" w="203" h="136" x="-14.500000" y="-20.000046">
   <element name="symbol0" layername="flask empty ground" frame="1" z_index="2" m_a="1.000000" m_b="0.000000" m_c="0.000000" m_d="1.000000" m_tx="1.000000" m_ty="-14.000000"/>
  </frame>
  <frame idx="350" w="203" h="136" x="-14.500000" y="-20.000046">
   <element name="symbol0" layername="flask empty ground" frame="1" z_index="2" m_a="1.000000" m_b="0.000000" m_c="0.000000" m_d="1.000000" m_tx="1.000000" m_ty="-14.000000"/>
  </frame>
  <frame idx="375" w="203" h="136" x="-14.500000" y="-20.000046">
   <element name="symbol0" layername="flask empty ground" frame="1" z_index="2" m_a="1.000000" m_b="0.000000" m_c="0.000000" m_d="1.000000" m_tx="1.000000" m_ty="-14.000000"/>
  </frame>
  <frame idx="400" w="203" h="136" x="-14.500000" y="-20.000046">
   <element name="symbol0" layername="flask empty ground" frame="1" z_index="2" m_a="1.000000" m_b="0.000000" m_c="0.000000" m_d="1.000000" m_tx="1.000000" m_ty="-14.000000"/>
  </frame>
  <frame idx="425" w="203" h="136" x="-14.500000" y="-20.000046">
   <element name="symbol0" layername="flask empty ground" frame="1" z_index="2" m_a="1.000000" m_b="0.000000" m_c="0.000000" m_d="1.000000" m_tx="1.000000" m_ty="-14.000000"/>
  </frame>
  <frame idx="450" w="203" h="136" x="-14.500000" y="-20.000046">
   <element name="symbol0" layername="flask empty ground" frame="1" z_index="2" m_a="1.000000" m_b="0.000000" m_c="0.000000" m_d="1.000000" m_tx="1.000000" m_ty="-14.000000"/>
  </frame>
  <frame idx="475" w="203" h="136" x="-14.500000" y="-20.000046">
   <element name="symbol0" layername="flask empty ground" frame="1" z_index="2" m_a="1.000000" m_b="0.000000" m_c="0.000000" m_d="1.000000" m_tx="1.000000" m_ty="-14.000000"/>
  </frame>
  <frame idx="500" w="203" h="136" x="-14.500000" y="-20.000046">
   <element name="symbol0" layername="flask empty ground" frame="1" z_index="2" m_a="1.000000" m_b="0.000000" m_c="0.000000" m_d="1.000000" m_tx="1.000000" m_ty="-14.000000"/>
  </frame>
  <frame idx="525" w="203" h="136" x="-14.500000" y="-20.000046">
   <element name="symbol0" layername="flask empty ground" frame="1" z_index="2" m_a="1.000000" m_b="0.000000" m_c="0.000000" m_d="1.000000" m_tx="1.000000" m_ty="-14.000000"/>
  </frame>
  <frame idx="550" w="203" h="136" x="-14.500000" y="-20.000046">
   <element name="symbol0" layername="flask empty ground" frame="1" z_index="2" m_a="1.000000" m_b="0.000000" m_c="0.000000" m_d="1.000000" m_tx="1.000000" m_ty="-14.000000"/>
  </frame>
  <frame idx="575" w="203" h="136" x="-14.500000" y="-20.000046">
   <element name="symbol0" layername="flask empty ground" frame="1" z_index="2" m_a="1.000000" m_b="0.000000" m_c="0.000000" m_d="1.000000" m_tx="1.000000" m_ty="-14.000000"/>
  </frame>
  <frame idx="600" w="203" h="136" x="-14.500000" y="-20.000046">
   <element name="symbol0" layername="flask empty ground" frame="1" z_index="2" m_a="1.000000" m_b="0.000000" m_c="0.000000" m_d="1.000000" m_tx="1.000000" m_ty="-14.000000"/>
  </frame>
  <frame idx="625" w="203" h="136" x="-14.500000" y="-20.000046">
   <element name="symbol0" layername="flask empty ground" frame="1" z_index="2" m_a="1.000000" m_b="0.000000" m_c="0.000000" m_d="1.000000" m_tx="1.000000" m_ty="-14.000000"/>
  </frame>
  <frame idx="650" w="203" h="136" x="-14.500000" y="-20.000046">
   <element name="symbol0" layername="flask empty ground" frame="1" z_index="2" m_a="1.000000" m_b="0.000000" m_c="0.000000" m_d="1.000000" m_tx="1.000000" m_ty="-14.000000"/>
  </frame>
  <frame idx="675" w="203" h="136" x="-14.500000" y="-20.000046">
   <element name="symbol0" layername="flask empty ground" frame="1" z_index="2" m_a="1.000000" m_b="0.000000" m_c="0.000000" m_d="1.000000" m_tx="1.000000" m_ty="-14.000000"/>
  </frame>
  <frame idx="700" w="203" h="136" x="-14.500000" y="-20.000046">
   <element name="symbol0" layername="flask empty ground" frame="1" z_index="2" m_a="1.000000" m_b="0.000000" m_c="0.000000" m_d="1.000000" m_tx="1.000000" m_ty="-14.000000"/>
  </frame>
  <frame idx="725" w="203" h="136" x="-14.500000" y="-20.000046">
   <element name="symbol0" layername="flask empty ground" frame="1" z_index="2" m_a="1.000000" m_b="0.000000" m_c="0.000000" m_d="1.000000" m_tx="1.000000" m_ty="-14.000000"/>
  </frame>
  <frame idx="750" w="203" h="136" x="-14.500000" y="-20.000046">
   <element name="symbol0" layername="flask empty ground" frame="1" z_index="2" m_a="1.000000" m_b="0.000000" m_c="0.000000" m_d="1.000000" m_tx="1.000000" m_ty="-14.000000"/>
  </frame>
  <frame idx="775" w="203" h="136" x="-14.500000" y="-20.000046">
   <element name="symbol0" layername="flask empty ground" frame="1" z_index="2" m_a="1.000000" m_b="0.000000" m_c="0.000000" m_d="1.000000" m_tx="1.000000" m_ty="-14.000000"/>
  </frame>
  <frame idx="800" w="203" h="136" x="-14.500000" y="-20.000046">
   <element name="symbol0" layername="flask empty ground" frame="1" z_index="2" m_a="1.000000" m_b="0.000000" m_c="0.000000" m_d="1.000000" m_tx="1.000000" m_ty="-14.000000"/>
  </frame>
  <frame idx="825" w="203" h="136" x="-14.500000" y="-20.000046">
   <element name="symbol0" layername="flask empty ground" frame="1" z_index="2" m_a="1.000000" m_b="0.000000" m_c="0.000000" m_d="1.000000" m_tx="1.000000" m_ty="-14.000000"/>
  </frame>
  <frame idx="850" w="203" h="136" x="-14.500000" y="-20.000046">
   <element name="symbol0" layername="flask empty ground" frame="1" z_index="2" m_a="1.000000" m_b="0.000000" m_c="0.000000" m_d="1.000000" m_tx="1.000000" m_ty="-14.000000"/>
  </frame>
  <frame idx="875" w="203" h="136" x="-14.500000" y="-20.000046">
   <element name="symbol0" layername="flask empty ground" frame="1" z_index="2" m_a="1.000000" m_b="0.000000" m_c="0.000000" m_d="1.000000" m_tx="1.000000" m_ty="-14.000000"/>
  </frame>
  <frame idx="900" w="203" h="136" x="-14.500000" y="-20.000046">
   <element name="symbol0" layername="flask empty ground" frame="1" z_index="2" m_a="1.000000" m_b="0.000000" m_c="0.000000" m_d="1.000000" m_tx="1.000000" m_ty="-14.000000"/>
  </frame>
  <frame idx="925" w="203" h="136" x="-14.500000" y="-20.000046">
   <element name="symbol0" layername="flask empty ground" frame="1" z_index="2" m_a="1.000000" m_b="0.000000" m_c="0.000000" m_d="1.000000" m_tx="1.000000" m_ty="-14.000000"/>
  </frame>
  <frame idx="950" w="203" h="136" x="-14.500000" y="-20.000046">
   <element name="symbol0" layername="flask empty ground" frame="1" z_index="2" m_a="1.000000" m_b="0.000000" m_c="0.000000" m_d="1.000000" m_tx="1.000000" m_ty="-14.000000"/>
  </frame>
  <frame idx="975" w="203" h="136" x="-14.500000" y="-20.000046">
   <element name="symbol0" layername="flask empty ground" frame="1" z_index="2" m_a="1.000000" m_b="0.000000" m_c="0.000000" m_d="1.000000" m_tx="1.000000" m_ty="-14.000000"/>
  </frame>
 </anim>
</Anims>
