<Anims>
 <anim name="t_down" root="bearger" numframes="250" framerate="40">
  <frame idx="0" w="2426" h="1907" x="-238.772949" y="-512.945251">
   <element name="bearger_head" layername="bearger_head" frame="4" z_index="32" m_a="1.500000" m_b="0.000000" m_c="0.000000" m_d="1.500000" m_tx="-19.698999" m_ty="-882.749023"/>
   <element name="bearger_body" layername="bearger_body" frame="0" z_index="33" m_a="1.500000" m_b="0.000000" m_c="0.000000" m_d="1.500000" m_tx="-18.849001" m_ty="-811.049011"/>
   <element name="bearger_arm" layername="bearger_arm" frame="2" z_index="34" m_a="0.423366" m_b="1.376599" m_c="-2.113927" m_d="0.650127" m_tx="-261.549011" m_ty="-931.799011"/>
   <element name="bearger_arm" layername="bearger_arm" frame="2" z_index="35" m_a="-0.253716" m_b="1.416477" m_c="2.184386" m_d="0.391262" m_tx="191.050003" m_ty="-933.648987"/>
   <element name="bearger_hand" layername="bearger_hand" frame="1" z_index="36" m_a="-0.043206" m_b="1.485512" m_c="-1.478375" m_d="-0.042998" m_tx="396.549988" m_ty="-303.898987"/>
   <element name="bearger_arm" layername="bearger_arm_2" frame="1" z_index="37" m_a="-1.706050" m_b="-0.035527" m_c="-0.040383" m_d="1.939220" m_tx="448.750000" m_ty="-644.299011"/>
   <element name="bearger_hand" layername="bearger_hand" frame="1" z_index="38" m_a="0.100182" m_b="1.474370" m_c="1.474360" m_d="-0.100181" m_tx="-415.248993" m_ty="-300.949005"/>
   <element name="bearger_arm" layername="bearger_arm_3" frame="1" z_index="39" m_a="1.658459" m_b="-0.085282" m_c="0.101235" m_d="1.968699" m_tx="-483.498993" m_ty="-648.948975"/>
   <element name="bearger_torso" layername="bearger_torso" frame="3" z_index="40" m_a="1.500000" m_b="0.000000" m_c="0.000000" m_d="1.500000" m_tx="-30.948999" m_ty="-595.549011"/>
   <element name="bearger_leg" layername="bearger_leg" frame="3" z_index="41" m_a="-1.066211" m_b="-0.786280" m_c="-0.723640" m_d="0.981270" m_tx="-95.198997" m_ty="-350.098999"/>
   <element name="bearger_leg" layername="bearger_leg" frame="1" z_index="42" m_a="-1.335294" m_b="0.546710" m_c="0.609767" m_d="1.489305" m_tx="-206.298996" m_ty="-186.298996"/>
   <element name="bearger_leg" layername="bearger_leg_2" frame="2" z_index="43" m_a="-1.253116" m_b="-0.327838" m_c="-0.384092" m_d="1.468139" m_tx="-157.598999" m_ty="-24.599001"/>
   <element name="bearger_leg" layername="bearger_leg_3" frame="0" z_index="44" m_a="1.329392" m_b="-0.668632" m_c="0.657713" m_d="1.307683" m_tx="37.150002" m_ty="-347.549011"/>
   <element name="bearger_leg" layername="bearger_leg_4" frame="1" z_index="45" m_a="1.466832" m_b="0.406927" m_c="-0.423059" m_d="1.524985" m_tx="138.800003" m_ty="-174.949005"/>
   <element name="bearger_leg" layername="bearger_leg_5" frame="2" z_index="46" m_a="1.313992" m_b="-0.259186" m_c="0.259186" m_d="1.313992" m_tx="89.150002" m_ty="-13.699000"/>
   <element name="bearger_body" layername="bearger_body" frame="2" z_index="47" m_a="1.500000" m_b="0.000000" m_c="0.000000" m_d="1.500000" m_tx="-18.849001" m_ty="-1105.050049"/>
  </frame>
  <frame idx="25" w="2426" h="1907" x="-238.772949" y="-512.945251">
   <element name="bearger_head" layername="bearger_head" frame="4" z_index="32" m_a="1.500000" m_b="0.000000" m_c="0.000000" m_d="1.500000" m_tx="-19.698999" m_ty="-882.749023"/>
   <element name="bearger_body" layername="bearger_body" frame="0" z_index="33" m_a="1.500000" m_b="0.000000" m_c="0.000000" m_d="1.500000" m_tx="-18.849001" m_ty="-811.049011"/>
   <element name="bearger_arm" layername="bearger_arm" frame="2" z_index="34" m_a="0.423366" m_b="1.376599" m_c="-2.113927" m_d="0.650127" m_tx="-261.549011" m_ty="-931.799011"/>
   <element name="bearger_arm" layername="bearger_arm" frame="2" z_index="35" m_a="-0.253716" m_b="1.416477" m_c="2.184386" m_d="0.391262" m_tx="191.050003" m_ty="-933.648987"/>
   <element name="bearger_hand" layername="bearger_hand" frame="1" z_index="36" m_a="-0.043206" m_b="1.485512" m_c="-1.478375" m_d="-0.042998" m_tx="396.549988" m_ty="-303.898987"/>
   <element name="bearger_arm" layername="bearger_arm_2" frame="1" z_index="37" m_a="-1.706050" m_b="-0.035527" m_c="-0.040383" m_d="1.939220" m_tx="448.750000" m_ty="-644.299011"/>
   <element name="bearger_hand" layername="bearger_hand" frame="1" z_index="38" m_a="0.100182" m_b="1.474370" m_c="1.474360" m_d="-0.100181" m_tx="-415.248993" m_ty="-300.949005"/>
   <element name="bearger_arm" layername="bearger_arm_3" frame="1" z_index="39" m_a="1.658459" m_b="-0.085282" m_c="0.101235" m_d="1.968699" m_tx="-483.498993" m_ty="-648.948975"/>
   <element name="bearger_torso" layername="bearger_torso" frame="3" z_index="40" m_a="1.500000" m_b="0.000000" m_c="0.000000" m_d="1.500000" m_tx="-30.948999" m_ty="-595.549011"/>
   <element name="bearger_leg" layername="bearger_leg" frame="3" z_index="41" m_a="-1.066211" m_b="-0.786280" m_c="-0.723640" m_d="0.981270" m_tx="-95.198997" m_ty="-350.098999"/>
   <element name="bearger_leg" layername="bearger_leg" frame="1" z_index="42" m_a="-1.335294" m_b="0.546710" m_c="0.609767" m_d="1.489305" m_tx="-206.298996" m_ty="-186.298996"/>
   <element name="bearger_leg" layername="bearger_leg_2" frame="2" z_index="43" m_a="-1.253116" m_b="-0.327838" m_c="-0.384092" m_d="1.468139" m_tx="-157.598999" m_ty="-24.599001"/>
   <element name="bearger_leg" layername="bearger_leg_3" frame="0" z_index="44" m_a="1.329392" m_b="-0.668632" m_c="0.657713" m_d="1.307683" m_tx="37.150002" m_ty="-347.549011"/>
   <element name="bearger_leg" layername="bearger_leg_4" frame="1" z_index="45" m_a="1.466832" m_b="0.406927" m_c="-0.423059" m_d="1.524985" m_tx="138.800003" m_ty="-174.949005"/>
   <element name="bearger_leg" layername="bearger_leg_5" frame="2" z_index="46" m_a="1.313992" m_b="-0.259186" m_c="0.259186" m_d="1.313992" m_tx="89.150002" m_ty="-13.699000"/>
   <element name="bearger_body" layername="bearger_body" frame="2" z_index="47" m_a="1.500000" m_b="0.000000" m_c="0.000000" m_d="1.500000" m_tx="-18.849001" m_ty="-1105.050049"/>
  </frame>
  <frame idx="50" w="2426" h="1907" x="-238.772949" y="-512.945251">
   <element name="bearger_head" layername="bearger_head" frame="4" z_index="32" m_a="1.500000" m_b="0.000000" m_c="0.000000" m_d="1.500000" m_tx="-19.698999" m_ty="-882.749023"/>
   <element name="bearger_body" layername="bearger_body" frame="0" z_index="33" m_a="1.500000" m_b="0.000000" m_c="0.000000" m_d="1.500000" m_tx="-18.849001" m_ty="-811.049011"/>
   <element name="bearger_arm" layername="bearger_arm" frame="2" z_index="34" m_a="0.423366" m_b="1.376599" m_c="-2.113927" m_d="0.650127" m_tx="-261.549011" m_ty="-931.799011"/>
   <element name="bearger_arm" layername="bearger_arm" frame="2" z_index="35" m_a="-0.253716" m_b="1.416477" m_c="2.184386" m_d="0.391262" m_tx="191.050003" m_ty="-933.648987"/>
   <element name="bearger_hand" layername="bearger_hand" frame="1" z_index="36" m_a="-0.043206" m_b="1.485512" m_c="-1.478375" m_d="-0.042998" m_tx="396.549988" m_ty="-303.898987"/>
   <element name="bearger_arm" layername="bearger_arm_2" frame="1" z_index="37" m_a="-1.706050" m_b="-0.035527" m_c="-0.040383" m_d="1.939220" m_tx="448.750000" m_ty="-644.299011"/>
   <element name="bearger_hand" layername="bearger_hand" frame="1" z_index="38" m_a="0.100182" m_b="1.474370" m_c="1.474360" m_d="-0.100181" m_tx="-415.248993" m_ty="-300.949005"/>
   <element name="bearger_arm" layername="bearger_arm_3" frame="1" z_index="39" m_a="1.658459" m_b="-0.085282" m_c="0.101235" m_d="1.968699" m_tx="-483.498993" m_ty="-648.948975"/>
   <element name="bearger_torso" layername="bearger_torso" frame="3" z_index="40" m_a="1.500000" m_b="0.000000" m_c="0.000000" m_d="1.500000" m_tx="-30.948999" m_ty="-595.549011"/>
   <element name="bearger_leg" layername="bearger_leg" frame="3" z_index="41" m_a="-1.066211" m_b="-0.786280" m_c="-0.723640" m_d="0.981270" m_tx="-95.198997" m_ty="-350.098999"/>
   <element name="bearger_leg" layername="bearger_leg" frame="1" z_index="42" m_a="-1.335294" m_b="0.546710" m_c="0.609767" m_d="1.489305" m_tx="-206.298996" m_ty="-186.298996"/>
   <element name="bearger_leg" layername="bearger_leg_2" frame="2" z_index="43" m_a="-1.253116" m_b="-0.327838" m_c="-0.384092" m_d="1.468139" m_tx="-157.598999" m_ty="-24.599001"/>
   <element name="bearger_leg" layername="bearger_leg_3" frame="0" z_index="44" m_a="1.329392" m_b="-0.668632" m_c="0.657713" m_d="1.307683" m_tx="37.150002" m_ty="-347.549011"/>
   <element name="bearger_leg" layername="bearger_leg_4" frame="1" z_index="45" m_a="1.466832" m_b="0.406927" m_c="-0.423059" m_d="1.524985" m_tx="138.800003" m_ty="-174.949005"/>
   <element name="bearger_leg" layername="bearger_leg_5" frame="2" z_index="46" m_a="1.313992" m_b="-0.259186" m_c="0.259186" m_d="1.313992" m_tx="89.150002" m_ty="-13.699000"/>
   <element name="bearger_body" layername="bearger_body" frame="2" z_index="47" m_a="1.500000" m_b="0.000000" m_c="0.000000" m_d="1.500000" m_tx="-18.849001" m_ty="-1105.050049"/>
  </frame>
  <frame idx="75" w="2426" h="1907" x="-238.772949" y="-512.945251">
   <element name="bearger_head" layername="bearger_head" frame="4" z_index="32" m_a="1.500000" m_b="0.000000" m_c="0.000000" m_d="1.500000" m_tx="-19.698999" m_ty="-882.749023"/>
   <element name="bearger_body" layername="bearger_body" frame="0" z_index="33" m_a="1.500000" m_b="0.000000" m_c="0.000000" m_d="1.500000" m_tx="-18.849001" m_ty="-811.049011"/>
   <element name="bearger_arm" layername="bearger_arm" frame="2" z_index="34" m_a="0.423366" m_b="1.376599" m_c="-2.113927" m_d="0.650127" m_tx="-261.549011" m_ty="-931.799011"/>
   <element name="bearger_arm" layername="bearger_arm" frame="2" z_index="35" m_a="-0.253716" m_b="1.416477" m_c="2.184386" m_d="0.391262" m_tx="191.050003" m_ty="-933.648987"/>
   <element name="bearger_hand" layername="bearger_hand" frame="1" z_index="36" m_a="-0.043206" m_b="1.485512" m_c="-1.478375" m_d="-0.042998" m_tx="396.549988" m_ty="-303.898987"/>
   <element name="bearger_arm" layername="bearger_arm_2" frame="1" z_index="37" m_a="-1.706050" m_b="-0.035527" m_c="-0.040383" m_d="1.939220" m_tx="448.750000" m_ty="-644.299011"/>
   <element name="bearger_hand" layername="bearger_hand" frame="1" z_index="38" m_a="0.100182" m_b="1.474370" m_c="1.474360" m_d="-0.100181" m_tx="-415.248993" m_ty="-300.949005"/>
   <element name="bearger_arm" layername="bearger_arm_3" frame="1" z_index="39" m_a="1.658459" m_b="-0.085282" m_c="0.101235" m_d="1.968699" m_tx="-483.498993" m_ty="-648.948975"/>
   <element name="bearger_torso" layername="bearger_torso" frame="3" z_index="40" m_a="1.500000" m_b="0.000000" m_c="0.000000" m_d="1.500000" m_tx="-30.948999" m_ty="-595.549011"/>
   <element name="bearger_leg" layername="bearger_leg" frame="3" z_index="41" m_a="-1.066211" m_b="-0.786280" m_c="-0.723640" m_d="0.981270" m_tx="-95.198997" m_ty="-350.098999"/>
   <element name="bearger_leg" layername="bearger_leg" frame="1" z_index="42" m_a="-1.335294" m_b="0.546710" m_c="0.609767" m_d="1.489305" m_tx="-206.298996" m_ty="-186.298996"/>
   <element name="bearger_leg" layername="bearger_leg_2" frame="2" z_index="43" m_a="-1.253116" m_b="-0.327838" m_c="-0.384092" m_d="1.468139" m_tx="-157.598999" m_ty="-24.599001"/>
   <element name="bearger_leg" layername="bearger_leg_3" frame="0" z_index="44" m_a="1.329392" m_b="-0.668632" m_c="0.657713" m_d="1.307683" m_tx="37.150002" m_ty="-347.549011"/>
   <element name="bearger_leg" layername="bearger_leg_4" frame="1" z_index="45" m_a="1.466832" m_b="0.406927" m_c="-0.423059" m_d="1.524985" m_tx="138.800003" m_ty="-174.949005"/>
   <element name="bearger_leg" layername="bearger_leg_5" frame="2" z_index="46" m_a="1.313992" m_b="-0.259186" m_c="0.259186" m_d="1.313992" m_tx="89.150002" m_ty="-13.699000"/>
   <element name="bearger_body" layername="bearger_body" frame="2" z_index="47" m_a="1.500000" m_b="0.000000" m_c="0.000000" m_d="1.500000" m_tx="-18.849001" m_ty="-1105.050049"/>
  </frame>
  <frame idx="100" w="2426" h="1907" x="-238.772949" y="-512.945251">
   <element name="bearger_head" layername="bearger_head" frame="4" z_index="32" m_a="1.500000" m_b="0.000000" m_c="0.000000" m_d="1.500000" m_tx="-19.698999" m_ty="-882.749023"/>
   <element name="bearger_body" layername="bearger_body" frame="0" z_index="33" m_a="1.500000" m_b="0.000000" m_c="0.000000" m_d="1.500000" m_tx="-18.849001" m_ty="-811.049011"/>
   <element name="bearger_arm" layername="bearger_arm" frame="2" z_index="34" m_a="0.423366" m_b="1.376599" m_c="-2.113927" m_d="0.650127" m_tx="-261.549011" m_ty="-931.799011"/>
   <element name="bearger_arm" layername="bearger_arm" frame="2" z_index="35" m_a="-0.253716" m_b="1.416477" m_c="2.184386" m_d="0.391262" m_tx="191.050003" m_ty="-933.648987"/>
   <element name="bearger_hand" layername="bearger_hand" frame="1" z_index="36" m_a="-0.043206" m_b="1.485512" m_c="-1.478375" m_d="-0.042998" m_tx="396.549988" m_ty="-303.898987"/>
   <element name="bearger_arm" layername="bearger_arm_2" frame="1" z_index="37" m_a="-1.706050" m_b="-0.035527" m_c="-0.040383" m_d="1.939220" m_tx="448.750000" m_ty="-644.299011"/>
   <element name="bearger_hand" layername="bearger_hand" frame="1" z_index="38" m_a="0.100182" m_b="1.474370" m_c="1.474360" m_d="-0.100181" m_tx="-415.248993" m_ty="-300.949005"/>
   <element name="bearger_arm" layername="bearger_arm_3" frame="1" z_index="39" m_a="1.658459" m_b="-0.085282" m_c="0.101235" m_d="1.968699" m_tx="-483.498993" m_ty="-648.948975"/>
   <element name="bearger_torso" layername="bearger_torso" frame="3" z_index="40" m_a="1.500000" m_b="0.000000" m_c="0.000000" m_d="1.500000" m_tx="-30.948999" m_ty="-595.549011"/>
   <element name="bearger_leg" layername="bearger_leg" frame="3" z_index="41" m_a="-1.066211" m_b="-0.786280" m_c="-0.723640" m_d="0.981270" m_tx="-95.198997" m_ty="-350.098999"/>
   <element name="bearger_leg" layername="bearger_leg" frame="1" z_index="42" m_a="-1.335294" m_b="0.546710" m_c="0.609767" m_d="1.489305" m_tx="-206.298996" m_ty="-186.298996"/>
   <element name="bearger_leg" layername="bearger_leg_2" frame="2" z_index="43" m_a="-1.253116" m_b="-0.327838" m_c="-0.384092" m_d="1.468139" m_tx="-157.598999" m_ty="-24.599001"/>
   <element name="bearger_leg" layername="bearger_leg_3" frame="0" z_index="44" m_a="1.329392" m_b="-0.668632" m_c="0.657713" m_d="1.307683" m_tx="37.150002" m_ty="-347.549011"/>
   <element name="bearger_leg" layername="bearger_leg_4" frame="1" z_index="45" m_a="1.466832" m_b="0.406927" m_c="-0.423059" m_d="1.524985" m_tx="138.800003" m_ty="-174.949005"/>
   <element name="bearger_leg" layername="bearger_leg_5" frame="2" z_index="46" m_a="1.313992" m_b="-0.259186" m_c="0.259186" m_d="1.313992" m_tx="89.150002" m_ty="-13.699000"/>
   <element name="bearger_body" layername="bearger_body" frame="2" z_index="47" m_a="1.500000" m_b="0.000000" m_c="0.000000" m_d="1.500000" m_tx="-18.849001" m_ty="-1105.050049"/>
  </frame>
  <frame idx="125" w="2426" h="1907" x="-238.772949" y="-512.945251">
   <element name="bearger_head" layername="bearger_head" frame="4" z_index="32" m_a="1.500000" m_b="0.000000" m_c="0.000000" m_d="1.500000" m_tx="-19.698999" m_ty="-882.749023"/>
   <element name="bearger_body" layername="bearger_body" frame="0" z_index="33" m_a="1.500000" m_b="0.000000" m_c="0.000000" m_d="1.500000" m_tx="-18.849001" m_ty="-811.049011"/>
   <element name="bearger_arm" layername="bearger_arm" frame="2" z_index="34" m_a="0.423366" m_b="1.376599" m_c="-2.113927" m_d="0.650127" m_tx="-261.549011" m_ty="-931.799011"/>
   <element name="bearger_arm" layername="bearger_arm" frame="2" z_index="35" m_a="-0.253716" m_b="1.416477" m_c="2.184386" m_d="0.391262" m_tx="191.050003" m_ty="-933.648987"/>
   <element name="bearger_hand" layername="bearger_hand" frame="1" z_index="36" m_a="-0.043206" m_b="1.485512" m_c="-1.478375" m_d="-0.042998" m_tx="396.549988" m_ty="-303.898987"/>
   <element name="bearger_arm" layername="bearger_arm_2" frame="1" z_index="37" m_a="-1.706050" m_b="-0.035527" m_c="-0.040383" m_d="1.939220" m_tx="448.750000" m_ty="-644.299011"/>
   <element name="bearger_hand" layername="bearger_hand" frame="1" z_index="38" m_a="0.100182" m_b="1.474370" m_c="1.474360" m_d="-0.100181" m_tx="-415.248993" m_ty="-300.949005"/>
   <element name="bearger_arm" layername="bearger_arm_3" frame="1" z_index="39" m_a="1.658459" m_b="-0.085282" m_c="0.101235" m_d="1.968699" m_tx="-483.498993" m_ty="-648.948975"/>
   <element name="bearger_torso" layername="bearger_torso" frame="3" z_index="40" m_a="1.500000" m_b="0.000000" m_c="0.000000" m_d="1.500000" m_tx="-30.948999" m_ty="-595.549011"/>
   <element name="bearger_leg" layername="bearger_leg" frame="3" z_index="41" m_a="-1.066211" m_b="-0.786280" m_c="-0.723640" m_d="0.981270" m_tx="-95.198997" m_ty="-350.098999"/>
   <element name="bearger_leg" layername="bearger_leg" frame="1" z_index="42" m_a="-1.335294" m_b="0.546710" m_c="0.609767" m_d="1.489305" m_tx="-206.298996" m_ty="-186.298996"/>
   <element name="bearger_leg" layername="bearger_leg_2" frame="2" z_index="43" m_a="-1.253116" m_b="-0.327838" m_c="-0.384092" m_d="1.468139" m_tx="-157.598999" m_ty="-24.599001"/>
   <element name="bearger_leg" layername="bearger_leg_3" frame="0" z_index="44" m_a="1.329392" m_b="-0.668632" m_c="0.657713" m_d="1.307683" m_tx="37.150002" m_ty="-347.549011"/>
   <element name="bearger_leg" layername="bearger_leg_4" frame="1" z_index="45" m_a="1.466832" m_b="0.406927" m_c="-0.423059" m_d="1.524985" m_tx="138.800003" m_ty="-174.949005"/>
   <element name="bearger_leg" layername="bearger_leg_5" frame="2" z_index="46" m_a="1.313992" m_b="-0.259186" m_c="0.259186" m_d="1.313992" m_tx="89.150002" m_ty="-13.699000"/>
   <element name="bearger_body" layername="bearger_body" frame="2" z_index="47" m_a="1.500000" m_b="0.000000" m_c="0.000000" m_d="1.500000" m_tx="-18.849001" m_ty="-1105.050049"/>
  </frame>
  <frame idx="150" w="2426" h="1907" x="-238.772949" y="-512.945251">
   <element name="bearger_head" layername="bearger_head" frame="4" z_index="32" m_a="1.500000" m_b="0.000000" m_c="0.000000" m_d="1.500000" m_tx="-19.698999" m_ty="-882.749023"/>
   <element name="bearger_body" layername="bearger_body" frame="0" z_index="33" m_a="1.500000" m_b="0.000000" m_c="0.000000" m_d="1.500000" m_tx="-18.849001" m_ty="-811.049011"/>
   <element name="bearger_arm" layername="bearger_arm" frame="2" z_index="34" m_a="0.423366" m_b="1.376599" m_c="-2.113927" m_d="0.650127" m_tx="-261.549011" m_ty="-931.799011"/>
   <element name="bearger_arm" layername="bearger_arm" frame="2" z_index="35" m_a="-0.253716" m_b="1.416477" m_c="2.184386" m_d="0.391262" m_tx="191.050003" m_ty="-933.648987"/>
   <element name="bearger_hand" layername="bearger_hand" frame="1" z_index="36" m_a="-0.043206" m_b="1.485512" m_c="-1.478375" m_d="-0.042998" m_tx="396.549988" m_ty="-303.898987"/>
   <element name="bearger_arm" layername="bearger_arm_2" frame="1" z_index="37" m_a="-1.706050" m_b="-0.035527" m_c="-0.040383" m_d="1.939220" m_tx="448.750000" m_ty="-644.299011"/>
   <element name="bearger_hand" layername="bearger_hand" frame="1" z_index="38" m_a="0.100182" m_b="1.474370" m_c="1.474360" m_d="-0.100181" m_tx="-415.248993" m_ty="-300.949005"/>
   <element name="bearger_arm" layername="bearger_arm_3" frame="1" z_index="39" m_a="1.658459" m_b="-0.085282" m_c="0.101235" m_d="1.968699" m_tx="-483.498993" m_ty="-648.948975"/>
   <element name="bearger_torso" layername="bearger_torso" frame="3" z_index="40" m_a="1.500000" m_b="0.000000" m_c="0.000000" m_d="1.500000" m_tx="-30.948999" m_ty="-595.549011"/>
   <element name="bearger_leg" layername="bearger_leg" frame="3" z_index="41" m_a="-1.066211" m_b="-0.786280" m_c="-0.723640" m_d="0.981270" m_tx="-95.198997" m_ty="-350.098999"/>
   <element name="bearger_leg" layername="bearger_leg" frame="1" z_index="42" m_a="-1.335294" m_b="0.546710" m_c="0.609767" m_d="1.489305" m_tx="-206.298996" m_ty="-186.298996"/>
   <element name="bearger_leg" layername="bearger_leg_2" frame="2" z_index="43" m_a="-1.253116" m_b="-0.327838" m_c="-0.384092" m_d="1.468139" m_tx="-157.598999" m_ty="-24.599001"/>
   <element name="bearger_leg" layername="bearger_leg_3" frame="0" z_index="44" m_a="1.329392" m_b="-0.668632" m_c="0.657713" m_d="1.307683" m_tx="37.150002" m_ty="-347.549011"/>
   <element name="bearger_leg" layername="bearger_leg_4" frame="1" z_index="45" m_a="1.466832" m_b="0.406927" m_c="-0.423059" m_d="1.524985" m_tx="138.800003" m_ty="-174.949005"/>
   <element name="bearger_leg" layername="bearger_leg_5" frame="2" z_index="46" m_a="1.313992" m_b="-0.259186" m_c="0.259186" m_d="1.313992" m_tx="89.150002" m_ty="-13.699000"/>
   <element name="bearger_body" layername="bearger_body" frame="2" z_index="47" m_a="1.500000" m_b="0.000000" m_c="0.000000" m_d="1.500000" m_tx="-18.849001" m_ty="-1105.050049"/>
  </frame>
  <frame idx="175" w="2426" h="1907" x="-238.772949" y="-512.945251">
   <element name="bearger_head" layername="bearger_head" frame="4" z_index="32" m_a="1.500000" m_b="0.000000" m_c="0.000000" m_d="1.500000" m_tx="-19.698999" m_ty="-882.749023"/>
   <element name="bearger_body" layername="bearger_body" frame="0" z_index="33" m_a="1.500000" m_b="0.000000" m_c="0.000000" m_d="1.500000" m_tx="-18.849001" m_ty="-811.049011"/>
   <element name="bearger_arm" layername="bearger_arm" frame="2" z_index="34" m_a="0.423366" m_b="1.376599" m_c="-2.113927" m_d="0.650127" m_tx="-261.549011" m_ty="-931.799011"/>
   <element name="bearger_arm" layername="bearger_arm" frame="2" z_index="35" m_a="-0.253716" m_b="1.416477" m_c="2.184386" m_d="0.391262" m_tx="191.050003" m_ty="-933.648987"/>
   <element name="bearger_hand" layername="bearger_hand" frame="1" z_index="36" m_a="-0.043206" m_b="1.485512" m_c="-1.478375" m_d="-0.042998" m_tx="396.549988" m_ty="-303.898987"/>
   <element name="bearger_arm" layername="bearger_arm_2" frame="1" z_index="37" m_a="-1.706050" m_b="-0.035527" m_c="-0.040383" m_d="1.939220" m_tx="448.750000" m_ty="-644.299011"/>
   <element name="bearger_hand" layername="bearger_hand" frame="1" z_index="38" m_a="0.100182" m_b="1.474370" m_c="1.474360" m_d="-0.100181" m_tx="-415.248993" m_ty="-300.949005"/>
   <element name="bearger_arm" layername="bearger_arm_3" frame="1" z_index="39" m_a="1.658459" m_b="-0.085282" m_c="0.101235" m_d="1.968699" m_tx="-483.498993" m_ty="-648.948975"/>
   <element name="bearger_torso" layername="bearger_torso" frame="3" z_index="40" m_a="1.500000" m_b="0.000000" m_c="0.000000" m_d="1.500000" m_tx="-30.948999" m_ty="-595.549011"/>
   <element name="bearger_leg" layername="bearger_leg" frame="3" z_index="41" m_a="-1.066211" m_b="-0.786280" m_c="-0.723640" m_d="0.981270" m_tx="-95.198997" m_ty="-350.098999"/>
   <element name="bearger_leg" layername="bearger_leg" frame="1" z_index="42" m_a="-1.335294" m_b="0.546710" m_c="0.609767" m_d="1.489305" m_tx="-206.298996" m_ty="-186.298996"/>
   <element name="bearger_leg" layername="bearger_leg_2" frame="2" z_index="43" m_a="-1.253116" m_b="-0.327838" m_c="-0.384092" m_d="1.468139" m_tx="-157.598999" m_ty="-24.599001"/>
   <element name="bearger_leg" layername="bearger_leg_3" frame="0" z_index="44" m_a="1.329392" m_b="-0.668632" m_c="0.657713" m_d="1.307683" m_tx="37.150002" m_ty="-347.549011"/>
   <element name="bearger_leg" layername="bearger_leg_4" frame="1" z_index="45" m_a="1.466832" m_b="0.406927" m_c="-0.423059" m_d="1.524985" m_tx="138.800003" m_ty="-174.949005"/>
   <element name="bearger_leg" layername="bearger_leg_5" frame="2" z_index="46" m_a="1.313992" m_b="-0.259186" m_c="0.259186" m_d="1.313992" m_tx="89.150002" m_ty="-13.699000"/>
   <element name="bearger_body" layername="bearger_body" frame="2" z_index="47" m_a="1.500000" m_b="0.000000" m_c="0.000000" m_d="1.500000" m_tx="-18.849001" m_ty="-1105.050049"/>
  </frame>
  <frame idx="200" w="2426" h="1907" x="-238.772949" y="-512.945251">
   <element name="bearger_head" layername="bearger_head" frame="4" z_index="32" m_a="1.500000" m_b="0.000000" m_c="0.000000" m_d="1.500000" m_tx="-19.698999" m_ty="-882.749023"/>
   <element name="bearger_body" layername="bearger_body" frame="0" z_index="33" m_a="1.500000" m_b="0.000000" m_c="0.000000" m_d="1.500000" m_tx="-18.849001" m_ty="-811.049011"/>
   <element name="bearger_arm" layername="bearger_arm" frame="2" z_index="34" m_a="0.423366" m_b="1.376599" m_c="-2.113927" m_d="0.650127" m_tx="-261.549011" m_ty="-931.799011"/>
   <element name="bearger_arm" layername="bearger_arm" frame="2" z_index="35" m_a="-0.253716" m_b="1.416477" m_c="2.184386" m_d="0.391262" m_tx="191.050003" m_ty="-933.648987"/>
   <element name="bearger_hand" layername="bearger_hand" frame="1" z_index="36" m_a="-0.043206" m_b="1.485512" m_c="-1.478375" m_d="-0.042998" m_tx="396.549988" m_ty="-303.898987"/>
   <element name="bearger_arm" layername="bearger_arm_2" frame="1" z_index="37" m_a="-1.706050" m_b="-0.035527" m_c="-0.040383" m_d="1.939220" m_tx="448.750000" m_ty="-644.299011"/>
   <element name="bearger_hand" layername="bearger_hand" frame="1" z_index="38" m_a="0.100182" m_b="1.474370" m_c="1.474360" m_d="-0.100181" m_tx="-415.248993" m_ty="-300.949005"/>
   <element name="bearger_arm" layername="bearger_arm_3" frame="1" z_index="39" m_a="1.658459" m_b="-0.085282" m_c="0.101235" m_d="1.968699" m_tx="-483.498993" m_ty="-648.948975"/>
   <element name="bearger_torso" layername="bearger_torso" frame="3" z_index="40" m_a="1.500000" m_b="0.000000" m_c="0.000000" m_d="1.500000" m_tx="-30.948999" m_ty="-595.549011"/>
   <element name="bearger_leg" layername="bearger_leg" frame="3" z_index="41" m_a="-1.066211" m_b="-0.786280" m_c="-0.723640" m_d="0.981270" m_tx="-95.198997" m_ty="-350.098999"/>
   <element name="bearger_leg" layername="bearger_leg" frame="1" z_index="42" m_a="-1.335294" m_b="0.546710" m_c="0.609767" m_d="1.489305" m_tx="-206.298996" m_ty="-186.298996"/>
   <element name="bearger_leg" layername="bearger_leg_2" frame="2" z_index="43" m_a="-1.253116" m_b="-0.327838" m_c="-0.384092" m_d="1.468139" m_tx="-157.598999" m_ty="-24.599001"/>
   <element name="bearger_leg" layername="bearger_leg_3" frame="0" z_index="44" m_a="1.329392" m_b="-0.668632" m_c="0.657713" m_d="1.307683" m_tx="37.150002" m_ty="-347.549011"/>
   <element name="bearger_leg" layername="bearger_leg_4" frame="1" z_index="45" m_a="1.466832" m_b="0.406927" m_c="-0.423059" m_d="1.524985" m_tx="138.800003" m_ty="-174.949005"/>
   <element name="bearger_leg" layername="bearger_leg_5" frame="2" z_index="46" m_a="1.313992" m_b="-0.259186" m_c="0.259186" m_d="1.313992" m_tx="89.150002" m_ty="-13.699000"/>
   <element name="bearger_body" layername="bearger_body" frame="2" z_index="47" m_a="1.500000" m_b="0.000000" m_c="0.000000" m_d="1.500000" m_tx="-18.849001" m_ty="-1105.050049"/>
  </frame>
  <frame idx="225" w="2426" h="1907" x="-238.772949" y="-512.945251">
   <element name="bearger_head" layername="bearger_head" frame="4" z_index="32" m_a="1.500000" m_b="0.000000" m_c="0.000000" m_d="1.500000" m_tx="-19.698999" m_ty="-882.749023"/>
   <element name="bearger_body" layername="bearger_body" frame="0" z_index="33" m_a="1.500000" m_b="0.000000" m_c="0.000000" m_d="1.500000" m_tx="-18.849001" m_ty="-811.049011"/>
   <element name="bearger_arm" layername="bearger_arm" frame="2" z_index="34" m_a="0.423366" m_b="1.376599" m_c="-2.113927" m_d="0.650127" m_tx="-261.549011" m_ty="-931.799011"/>
   <element name="bearger_arm" layername="bearger_arm" frame="2" z_index="35" m_a="-0.253716" m_b="1.416477" m_c="2.184386" m_d="0.391262" m_tx="191.050003" m_ty="-933.648987"/>
   <element name="bearger_hand" layername="bearger_hand" frame="1" z_index="36" m_a="-0.043206" m_b="1.485512" m_c="-1.478375" m_d="-0.042998" m_tx="396.549988" m_ty="-303.898987"/>
   <element name="bearger_arm" layername="bearger_arm_2" frame="1" z_index="37" m_a="-1.706050" m_b="-0.035527" m_c="-0.040383" m_d="1.939220" m_tx="448.750000" m_ty="-644.299011"/>
   <element name="bearger_hand" layername="bearger_hand" frame="1" z_index="38" m_a="0.100182" m_b="1.474370" m_c="1.474360" m_d="-0.100181" m_tx="-415.248993" m_ty="-300.949005"/>
   <element name="bearger_arm" layername="bearger_arm_3" frame="1" z_index="39" m_a="1.658459" m_b="-0.085282" m_c="0.101235" m_d="1.968699" m_tx="-483.498993" m_ty="-648.948975"/>
   <element name="bearger_torso" layername="bearger_torso" frame="3" z_index="40" m_a="1.500000" m_b="0.000000" m_c="0.000000" m_d="1.500000" m_tx="-30.948999" m_ty="-595.549011"/>
   <element name="bearger_leg" layername="bearger_leg" frame="3" z_index="41" m_a="-1.066211" m_b="-0.786280" m_c="-0.723640" m_d="0.981270" m_tx="-95.198997" m_ty="-350.098999"/>
   <element name="bearger_leg" layername="bearger_leg" frame="1" z_index="42" m_a="-1.335294" m_b="0.546710" m_c="0.609767" m_d="1.489305" m_tx="-206.298996" m_ty="-186.298996"/>
   <element name="bearger_leg" layername="bearger_leg_2" frame="2" z_index="43" m_a="-1.253116" m_b="-0.327838" m_c="-0.384092" m_d="1.468139" m_tx="-157.598999" m_ty="-24.599001"/>
   <element name="bearger_leg" layername="bearger_leg_3" frame="0" z_index="44" m_a="1.329392" m_b="-0.668632" m_c="0.657713" m_d="1.307683" m_tx="37.150002" m_ty="-347.549011"/>
   <element name="bearger_leg" layername="bearger_leg_4" frame="1" z_index="45" m_a="1.466832" m_b="0.406927" m_c="-0.423059" m_d="1.524985" m_tx="138.800003" m_ty="-174.949005"/>
   <element name="bearger_leg" layername="bearger_leg_5" frame="2" z_index="46" m_a="1.313992" m_b="-0.259186" m_c="0.259186" m_d="1.313992" m_tx="89.150002" m_ty="-13.699000"/>
   <element name="bearger_body" layername="bearger_body" frame="2" z_index="47" m_a="1.500000" m_b="0.000000" m_c="0.000000" m_d="1.500000" m_tx="-18.849001" m_ty="-1105.050049"/>
  </frame>
 </anim>
 <anim name="t_side" root="bearger" numframes="250" framerate="40">
  <frame idx="0" w="1972" h="3043" x="-60.917358" y="-834.718506">
   <element name="bearger_head" layername="bearger_head" frame="6" z_index="33" m_a="1.500000" m_b="0.000000" m_c="0.000000" m_d="1.500000" m_tx="286.299988" m_ty="-894.898987"/>
   <element name="bearger_arm" layername="bearger_arm" frame="2" z_index="34" m_a="0.851377" m_b="1.228262" m_c="-1.764168" m_d="1.222843" m_tx="-89.448997" m_ty="-925.799011"/>
   <element name="bearger_hand" layername="bearger_hand" frame="2" z_index="35" m_a="0.146005" m_b="1.470409" m_c="1.470409" m_d="-0.146005" m_tx="-163.548996" m_ty="-313.949005"/>
   <element name="bearger_arm" layername="bearger_arm" frame="1" z_index="36" m_a="1.768036" m_b="-0.059873" m_c="0.066872" m_d="1.974718" m_tx="-233.149002" m_ty="-683.749023"/>
   <element name="bearger_body" layername="bearger_body" frame="3" z_index="37" m_a="1.500000" m_b="0.000000" m_c="0.000000" m_d="1.500000" m_tx="20.900000" m_ty="-1087.949951"/>
   <element name="bearger_leg" layername="bearger_leg" frame="3" z_index="38" m_a="1.122847" m_b="-0.699863" m_c="0.758942" m_d="1.217633" m_tx="-131.949005" m_ty="-336.348999"/>
   <element name="bearger_leg" layername="bearger_leg" frame="1" z_index="39" m_a="1.207239" m_b="0.687593" m_c="-0.791584" m_d="1.389821" m_tx="-10.099000" m_ty="-142.649002"/>
   <element name="bearger_leg" layername="bearger_leg_2" frame="2" z_index="40" m_a="1.253136" m_b="-0.327840" m_c="0.384089" m_d="1.468140" m_tx="-102.698997" m_ty="5.400000"/>
   <element name="bearger_torso" layername="bearger_torso" frame="1" z_index="41" m_a="0.298965" m_b="-1.463057" m_c="1.463057" m_d="0.298965" m_tx="0.200000" m_ty="-663.049011"/>
   <element name="bearger_leg" layername="bearger_leg_3" frame="0" z_index="42" m_a="1.123209" m_b="-0.977066" m_c="0.961104" m_d="1.104860" m_tx="-43.299000" m_ty="-336.648987"/>
   <element name="bearger_leg" layername="bearger_leg_4" frame="1" z_index="43" m_a="1.242952" m_b="0.880580" m_c="-0.915491" m_d="1.292229" m_tx="110.750000" m_ty="-171.199005"/>
   <element name="bearger_leg" layername="bearger_leg_5" frame="2" z_index="44" m_a="1.213077" m_b="-0.564240" m_c="0.564240" m_d="1.213077" m_tx="4.600000" m_ty="-40.648998"/>
   <element name="bearger_arm" layername="bearger_arm_2" frame="2" z_index="45" m_a="-0.530987" m_b="1.262003" m_c="1.689071" m_d="0.710676" m_tx="57.400002" m_ty="-947.848999"/>
   <element name="bearger_hand" layername="bearger_hand" frame="1" z_index="46" m_a="-0.079539" m_b="1.485362" m_c="1.478252" m_d="0.079159" m_tx="98.500000" m_ty="-347.348999"/>
   <element name="bearger_arm" layername="bearger_arm_3" frame="1" z_index="47" m_a="1.692779" m_b="0.118044" m_c="-0.136085" m_d="1.951491" m_tx="105.099998" m_ty="-739.948975"/>
  </frame>
  <frame idx="25" w="1972" h="3043" x="-60.917358" y="-834.718506">
   <element name="bearger_head" layername="bearger_head" frame="6" z_index="33" m_a="1.500000" m_b="0.000000" m_c="0.000000" m_d="1.500000" m_tx="286.299988" m_ty="-894.898987"/>
   <element name="bearger_arm" layername="bearger_arm" frame="2" z_index="34" m_a="0.851377" m_b="1.228262" m_c="-1.764168" m_d="1.222843" m_tx="-89.448997" m_ty="-925.799011"/>
   <element name="bearger_hand" layername="bearger_hand" frame="2" z_index="35" m_a="0.146005" m_b="1.470409" m_c="1.470409" m_d="-0.146005" m_tx="-163.548996" m_ty="-313.949005"/>
   <element name="bearger_arm" layername="bearger_arm" frame="1" z_index="36" m_a="1.768036" m_b="-0.059873" m_c="0.066872" m_d="1.974718" m_tx="-233.149002" m_ty="-683.749023"/>
   <element name="bearger_body" layername="bearger_body" frame="3" z_index="37" m_a="1.500000" m_b="0.000000" m_c="0.000000" m_d="1.500000" m_tx="20.900000" m_ty="-1087.949951"/>
   <element name="bearger_leg" layername="bearger_leg" frame="3" z_index="38" m_a="1.122847" m_b="-0.699863" m_c="0.758942" m_d="1.217633" m_tx="-131.949005" m_ty="-336.348999"/>
   <element name="bearger_leg" layername="bearger_leg" frame="1" z_index="39" m_a="1.207239" m_b="0.687593" m_c="-0.791584" m_d="1.389821" m_tx="-10.099000" m_ty="-142.649002"/>
   <element name="bearger_leg" layername="bearger_leg_2" frame="2" z_index="40" m_a="1.253136" m_b="-0.327840" m_c="0.384089" m_d="1.468140" m_tx="-102.698997" m_ty="5.400000"/>
   <element name="bearger_torso" layername="bearger_torso" frame="1" z_index="41" m_a="0.298965" m_b="-1.463057" m_c="1.463057" m_d="0.298965" m_tx="0.200000" m_ty="-663.049011"/>
   <element name="bearger_leg" layername="bearger_leg_3" frame="0" z_index="42" m_a="1.123209" m_b="-0.977066" m_c="0.961104" m_d="1.104860" m_tx="-43.299000" m_ty="-336.648987"/>
   <element name="bearger_leg" layername="bearger_leg_4" frame="1" z_index="43" m_a="1.242952" m_b="0.880580" m_c="-0.915491" m_d="1.292229" m_tx="110.750000" m_ty="-171.199005"/>
   <element name="bearger_leg" layername="bearger_leg_5" frame="2" z_index="44" m_a="1.213077" m_b="-0.564240" m_c="0.564240" m_d="1.213077" m_tx="4.600000" m_ty="-40.648998"/>
   <element name="bearger_arm" layername="bearger_arm_2" frame="2" z_index="45" m_a="-0.530987" m_b="1.262003" m_c="1.689071" m_d="0.710676" m_tx="57.400002" m_ty="-947.848999"/>
   <element name="bearger_hand" layername="bearger_hand" frame="1" z_index="46" m_a="-0.079539" m_b="1.485362" m_c="1.478252" m_d="0.079159" m_tx="98.500000" m_ty="-347.348999"/>
   <element name="bearger_arm" layername="bearger_arm_3" frame="1" z_index="47" m_a="1.692779" m_b="0.118044" m_c="-0.136085" m_d="1.951491" m_tx="105.099998" m_ty="-739.948975"/>
  </frame>
  <frame idx="50" w="1972" h="3043" x="-60.917358" y="-834.718506">
   <element name="bearger_head" layername="bearger_head" frame="6" z_index="33" m_a="1.500000" m_b="0.000000" m_c="0.000000" m_d="1.500000" m_tx="286.299988" m_ty="-894.898987"/>
   <element name="bearger_arm" layername="bearger_arm" frame="2" z_index="34" m_a="0.851377" m_b="1.228262" m_c="-1.764168" m_d="1.222843" m_tx="-89.448997" m_ty="-925.799011"/>
   <element name="bearger_hand" layername="bearger_hand" frame="2" z_index="35" m_a="0.146005" m_b="1.470409" m_c="1.470409" m_d="-0.146005" m_tx="-163.548996" m_ty="-313.949005"/>
   <element name="bearger_arm" layername="bearger_arm" frame="1" z_index="36" m_a="1.768036" m_b="-0.059873" m_c="0.066872" m_d="1.974718" m_tx="-233.149002" m_ty="-683.749023"/>
   <element name="bearger_body" layername="bearger_body" frame="3" z_index="37" m_a="1.500000" m_b="0.000000" m_c="0.000000" m_d="1.500000" m_tx="20.900000" m_ty="-1087.949951"/>
   <element name="bearger_leg" layername="bearger_leg" frame="3" z_index="38" m_a="1.122847" m_b="-0.699863" m_c="0.758942" m_d="1.217633" m_tx="-131.949005" m_ty="-336.348999"/>
   <element name="bearger_leg" layername="bearger_leg" frame="1" z_index="39" m_a="1.207239" m_b="0.687593" m_c="-0.791584" m_d="1.389821" m_tx="-10.099000" m_ty="-142.649002"/>
   <element name="bearger_leg" layername="bearger_leg_2" frame="2" z_index="40" m_a="1.253136" m_b="-0.327840" m_c="0.384089" m_d="1.468140" m_tx="-102.698997" m_ty="5.400000"/>
   <element name="bearger_torso" layername="bearger_torso" frame="1" z_index="41" m_a="0.298965" m_b="-1.463057" m_c="1.463057" m_d="0.298965" m_tx="0.200000" m_ty="-663.049011"/>
   <element name="bearger_leg" layername="bearger_leg_3" frame="0" z_index="42" m_a="1.123209" m_b="-0.977066" m_c="0.961104" m_d="1.104860" m_tx="-43.299000" m_ty="-336.648987"/>
   <element name="bearger_leg" layername="bearger_leg_4" frame="1" z_index="43" m_a="1.242952" m_b="0.880580" m_c="-0.915491" m_d="1.292229" m_tx="110.750000" m_ty="-171.199005"/>
   <element name="bearger_leg" layername="bearger_leg_5" frame="2" z_index="44" m_a="1.213077" m_b="-0.564240" m_c="0.564240" m_d="1.213077" m_tx="4.600000" m_ty="-40.648998"/>
   <element name="bearger_arm" layername="bearger_arm_2" frame="2" z_index="45" m_a="-0.530987" m_b="1.262003" m_c="1.689071" m_d="0.710676" m_tx="57.400002" m_ty="-947.848999"/>
   <element name="bearger_hand" layername="bearger_hand" frame="1" z_index="46" m_a="-0.079539" m_b="1.485362" m_c="1.478252" m_d="0.079159" m_tx="98.500000" m_ty="-347.348999"/>
   <element name="bearger_arm" layername="bearger_arm_3" frame="1" z_index="47" m_a="1.692779" m_b="0.118044" m_c="-0.136085" m_d="1.951491" m_tx="105.099998" m_ty="-739.948975"/>
  </frame>
  <frame idx="75" w="1972" h="3043" x="-60.917358" y="-834.718506">
   <element name="bearger_head" layername="bearger_head" frame="6" z_index="33" m_a="1.500000" m_b="0.000000" m_c="0.000000" m_d="1.500000" m_tx="286.299988" m_ty="-894.898987"/>
   <element name="bearger_arm" layername="bearger_arm" frame="2" z_index="34" m_a="0.851377" m_b="1.228262" m_c="-1.764168" m_d="1.222843" m_tx="-89.448997" m_ty="-925.799011"/>
   <element name="bearger_hand" layername="bearger_hand" frame="2" z_index="35" m_a="0.146005" m_b="1.470409" m_c="1.470409" m_d="-0.146005" m_tx="-163.548996" m_ty="-313.949005"/>
   <element name="bearger_arm" layername="bearger_arm" frame="1" z_index="36" m_a="1.768036" m_b="-0.059873" m_c="0.066872" m_d="1.974718" m_tx="-233.149002" m_ty="-683.749023"/>
   <element name="bearger_body" layername="bearger_body" frame="3" z_index="37" m_a="1.500000" m_b="0.000000" m_c="0.000000" m_d="1.500000" m_tx="20.900000" m_ty="-1087.949951"/>
   <element name="bearger_leg" layername="bearger_leg" frame="3" z_index="38" m_a="1.122847" m_b="-0.699863" m_c="0.758942" m_d="1.217633" m_tx="-131.949005" m_ty="-336.348999"/>
   <element name="bearger_leg" layername="bearger_leg" frame="1" z_index="39" m_a="1.207239" m_b="0.687593" m_c="-0.791584" m_d="1.389821" m_tx="-10.099000" m_ty="-142.649002"/>
   <element name="bearger_leg" layername="bearger_leg_2" frame="2" z_index="40" m_a="1.253136" m_b="-0.327840" m_c="0.384089" m_d="1.468140" m_tx="-102.698997" m_ty="5.400000"/>
   <element name="bearger_torso" layername="bearger_torso" frame="1" z_index="41" m_a="0.298965" m_b="-1.463057" m_c="1.463057" m_d="0.298965" m_tx="0.200000" m_ty="-663.049011"/>
   <element name="bearger_leg" layername="bearger_leg_3" frame="0" z_index="42" m_a="1.123209" m_b="-0.977066" m_c="0.961104" m_d="1.104860" m_tx="-43.299000" m_ty="-336.648987"/>
   <element name="bearger_leg" layername="bearger_leg_4" frame="1" z_index="43" m_a="1.242952" m_b="0.880580" m_c="-0.915491" m_d="1.292229" m_tx="110.750000" m_ty="-171.199005"/>
   <element name="bearger_leg" layername="bearger_leg_5" frame="2" z_index="44" m_a="1.213077" m_b="-0.564240" m_c="0.564240" m_d="1.213077" m_tx="4.600000" m_ty="-40.648998"/>
   <element name="bearger_arm" layername="bearger_arm_2" frame="2" z_index="45" m_a="-0.530987" m_b="1.262003" m_c="1.689071" m_d="0.710676" m_tx="57.400002" m_ty="-947.848999"/>
   <element name="bearger_hand" layername="bearger_hand" frame="1" z_index="46" m_a="-0.079539" m_b="1.485362" m_c="1.478252" m_d="0.079159" m_tx="98.500000" m_ty="-347.348999"/>
   <element name="bearger_arm" layername="bearger_arm_3" frame="1" z_index="47" m_a="1.692779" m_b="0.118044" m_c="-0.136085" m_d="1.951491" m_tx="105.099998" m_ty="-739.948975"/>
  </frame>
  <frame idx="100" w="1972" h="3043" x="-60.917358" y="-834.718506">
   <element name="bearger_head" layername="bearger_head" frame="6" z_index="33" m_a="1.500000" m_b="0.000000" m_c="0.000000" m_d="1.500000" m_tx="286.299988" m_ty="-894.898987"/>
   <element name="bearger_arm" layername="bearger_arm" frame="2" z_index="34" m_a="0.851377" m_b="1.228262" m_c="-1.764168" m_d="1.222843" m_tx="-89.448997" m_ty="-925.799011"/>
   <element name="bearger_hand" layername="bearger_hand" frame="2" z_index="35" m_a="0.146005" m_b="1.470409" m_c="1.470409" m_d="-0.146005" m_tx="-163.548996" m_ty="-313.949005"/>
   <element name="bearger_arm" layername="bearger_arm" frame="1" z_index="36" m_a="1.768036" m_b="-0.059873" m_c="0.066872" m_d="1.974718" m_tx="-233.149002" m_ty="-683.749023"/>
   <element name="bearger_body" layername="bearger_body" frame="3" z_index="37" m_a="1.500000" m_b="0.000000" m_c="0.000000" m_d="1.500000" m_tx="20.900000" m_ty="-1087.949951"/>
   <element name="bearger_leg" layername="bearger_leg" frame="3" z_index="38" m_a="1.122847" m_b="-0.699863" m_c="0.758942" m_d="1.217633" m_tx="-131.949005" m_ty="-336.348999"/>
   <element name="bearger_leg" layername="bearger_leg" frame="1" z_index="39" m_a="1.207239" m_b="0.687593" m_c="-0.791584" m_d="1.389821" m_tx="-10.099000" m_ty="-142.649002"/>
   <element name="bearger_leg" layername="bearger_leg_2" frame="2" z_index="40" m_a="1.253136" m_b="-0.327840" m_c="0.384089" m_d="1.468140" m_tx="-102.698997" m_ty="5.400000"/>
   <element name="bearger_torso" layername="bearger_torso" frame="1" z_index="41" m_a="0.298965" m_b="-1.463057" m_c="1.463057" m_d="0.298965" m_tx="0.200000" m_ty="-663.049011"/>
   <element name="bearger_leg" layername="bearger_leg_3" frame="0" z_index="42" m_a="1.123209" m_b="-0.977066" m_c="0.961104" m_d="1.104860" m_tx="-43.299000" m_ty="-336.648987"/>
   <element name="bearger_leg" layername="bearger_leg_4" frame="1" z_index="43" m_a="1.242952" m_b="0.880580" m_c="-0.915491" m_d="1.292229" m_tx="110.750000" m_ty="-171.199005"/>
   <element name="bearger_leg" layername="bearger_leg_5" frame="2" z_index="44" m_a="1.213077" m_b="-0.564240" m_c="0.564240" m_d="1.213077" m_tx="4.600000" m_ty="-40.648998"/>
   <element name="bearger_arm" layername="bearger_arm_2" frame="2" z_index="45" m_a="-0.530987" m_b="1.262003" m_c="1.689071" m_d="0.710676" m_tx="57.400002" m_ty="-947.848999"/>
   <element name="bearger_hand" layername="bearger_hand" frame="1" z_index="46" m_a="-0.079539" m_b="1.485362" m_c="1.478252" m_d="0.079159" m_tx="98.500000" m_ty="-347.348999"/>
   <element name="bearger_arm" layername="bearger_arm_3" frame="1" z_index="47" m_a="1.692779" m_b="0.118044" m_c="-0.136085" m_d="1.951491" m_tx="105.099998" m_ty="-739.948975"/>
  </frame>
  <frame idx="125" w="1972" h="3043" x="-60.917358" y="-834.718506">
   <element name="bearger_head" layername="bearger_head" frame="6" z_index="33" m_a="1.500000" m_b="0.000000" m_c="0.000000" m_d="1.500000" m_tx="286.299988" m_ty="-894.898987"/>
   <element name="bearger_arm" layername="bearger_arm" frame="2" z_index="34" m_a="0.851377" m_b="1.228262" m_c="-1.764168" m_d="1.222843" m_tx="-89.448997" m_ty="-925.799011"/>
   <element name="bearger_hand" layername="bearger_hand" frame="2" z_index="35" m_a="0.146005" m_b="1.470409" m_c="1.470409" m_d="-0.146005" m_tx="-163.548996" m_ty="-313.949005"/>
   <element name="bearger_arm" layername="bearger_arm" frame="1" z_index="36" m_a="1.768036" m_b="-0.059873" m_c="0.066872" m_d="1.974718" m_tx="-233.149002" m_ty="-683.749023"/>
   <element name="bearger_body" layername="bearger_body" frame="3" z_index="37" m_a="1.500000" m_b="0.000000" m_c="0.000000" m_d="1.500000" m_tx="20.900000" m_ty="-1087.949951"/>
   <element name="bearger_leg" layername="bearger_leg" frame="3" z_index="38" m_a="1.122847" m_b="-0.699863" m_c="0.758942" m_d="1.217633" m_tx="-131.949005" m_ty="-336.348999"/>
   <element name="bearger_leg" layername="bearger_leg" frame="1" z_index="39" m_a="1.207239" m_b="0.687593" m_c="-0.791584" m_d="1.389821" m_tx="-10.099000" m_ty="-142.649002"/>
   <element name="bearger_leg" layername="bearger_leg_2" frame="2" z_index="40" m_a="1.253136" m_b="-0.327840" m_c="0.384089" m_d="1.468140" m_tx="-102.698997" m_ty="5.400000"/>
   <element name="bearger_torso" layername="bearger_torso" frame="1" z_index="41" m_a="0.298965" m_b="-1.463057" m_c="1.463057" m_d="0.298965" m_tx="0.200000" m_ty="-663.049011"/>
   <element name="bearger_leg" layername="bearger_leg_3" frame="0" z_index="42" m_a="1.123209" m_b="-0.977066" m_c="0.961104" m_d="1.104860" m_tx="-43.299000" m_ty="-336.648987"/>
   <element name="bearger_leg" layername="bearger_leg_4" frame="1" z_index="43" m_a="1.242952" m_b="0.880580" m_c="-0.915491" m_d="1.292229" m_tx="110.750000" m_ty="-171.199005"/>
   <element name="bearger_leg" layername="bearger_leg_5" frame="2" z_index="44" m_a="1.213077" m_b="-0.564240" m_c="0.564240" m_d="1.213077" m_tx="4.600000" m_ty="-40.648998"/>
   <element name="bearger_arm" layername="bearger_arm_2" frame="2" z_index="45" m_a="-0.530987" m_b="1.262003" m_c="1.689071" m_d="0.710676" m_tx="57.400002" m_ty="-947.848999"/>
   <element name="bearger_hand" layername="bearger_hand" frame="1" z_index="46" m_a="-0.079539" m_b="1.485362" m_c="1.478252" m_d="0.079159" m_tx="98.500000" m_ty="-347.348999"/>
   <element name="bearger_arm" layername="bearger_arm_3" frame="1" z_index="47" m_a="1.692779" m_b="0.118044" m_c="-0.136085" m_d="1.951491" m_tx="105.099998" m_ty="-739.948975"/>
  </frame>
  <frame idx="150" w="1972" h="3043" x="-60.917358" y="-834.718506">
   <element name="bearger_head" layername="bearger_head" frame="6" z_index="33" m_a="1.500000" m_b="0.000000" m_c="0.000000" m_d="1.500000" m_tx="286.299988" m_ty="-894.898987"/>
   <element name="bearger_arm" layername="bearger_arm" frame="2" z_index="34" m_a="0.851377" m_b="1.228262" m_c="-1.764168" m_d="1.222843" m_tx="-89.448997" m_ty="-925.799011"/>
   <element name="bearger_hand" layername="bearger_hand" frame="2" z_index="35" m_a="0.146005" m_b="1.470409" m_c="1.470409" m_d="-0.146005" m_tx="-163.548996" m_ty="-313.949005"/>
   <element name="bearger_arm" layername="bearger_arm" frame="1" z_index="36" m_a="1.768036" m_b="-0.059873" m_c="0.066872" m_d="1.974718" m_tx="-233.149002" m_ty="-683.749023"/>
   <element name="bearger_body" layername="bearger_body" frame="3" z_index="37" m_a="1.500000" m_b="0.000000" m_c="0.000000" m_d="1.500000" m_tx="20.900000" m_ty="-1087.949951"/>
   <element name="bearger_leg" layername="bearger_leg" frame="3" z_index="38" m_a="1.122847" m_b="-0.699863" m_c="0.758942" m_d="1.217633" m_tx="-131.949005" m_ty="-336.348999"/>
   <element name="bearger_leg" layername="bearger_leg" frame="1" z_index="39" m_a="1.207239" m_b="0.687593" m_c="-0.791584" m_d="1.389821" m_tx="-10.099000" m_ty="-142.649002"/>
   <element name="bearger_leg" layername="bearger_leg_2" frame="2" z_index="40" m_a="1.253136" m_b="-0.327840" m_c="0.384089" m_d="1.468140" m_tx="-102.698997" m_ty="5.400000"/>
   <element name="bearger_torso" layername="bearger_torso" frame="1" z_index="41" m_a="0.298965" m_b="-1.463057" m_c="1.463057" m_d="0.298965" m_tx="0.200000" m_ty="-663.049011"/>
   <element name="bearger_leg" layername="bearger_leg_3" frame="0" z_index="42" m_a="1.123209" m_b="-0.977066" m_c="0.961104" m_d="1.104860" m_tx="-43.299000" m_ty="-336.648987"/>
   <element name="bearger_leg" layername="bearger_leg_4" frame="1" z_index="43" m_a="1.242952" m_b="0.880580" m_c="-0.915491" m_d="1.292229" m_tx="110.750000" m_ty="-171.199005"/>
   <element name="bearger_leg" layername="bearger_leg_5" frame="2" z_index="44" m_a="1.213077" m_b="-0.564240" m_c="0.564240" m_d="1.213077" m_tx="4.600000" m_ty="-40.648998"/>
   <element name="bearger_arm" layername="bearger_arm_2" frame="2" z_index="45" m_a="-0.530987" m_b="1.262003" m_c="1.689071" m_d="0.710676" m_tx="57.400002" m_ty="-947.848999"/>
   <element name="bearger_hand" layername="bearger_hand" frame="1" z_index="46" m_a="-0.079539" m_b="1.485362" m_c="1.478252" m_d="0.079159" m_tx="98.500000" m_ty="-347.348999"/>
   <element name="bearger_arm" layername="bearger_arm_3" frame="1" z_index="47" m_a="1.692779" m_b="0.118044" m_c="-0.136085" m_d="1.951491" m_tx="105.099998" m_ty="-739.948975"/>
  </frame>
  <frame idx="175" w="1972" h="3043" x="-60.917358" y="-834.718506">
   <element name="bearger_head" layername="bearger_head" frame="6" z_index="33" m_a="1.500000" m_b="0.000000" m_c="0.000000" m_d="1.500000" m_tx="286.299988" m_ty="-894.898987"/>
   <element name="bearger_arm" layername="bearger_arm" frame="2" z_index="34" m_a="0.851377" m_b="1.228262" m_c="-1.764168" m_d="1.222843" m_tx="-89.448997" m_ty="-925.799011"/>
   <element name="bearger_hand" layername="bearger_hand" frame="2" z_index="35" m_a="0.146005" m_b="1.470409" m_c="1.470409" m_d="-0.146005" m_tx="-163.548996" m_ty="-313.949005"/>
   <element name="bearger_arm" layername="bearger_arm" frame="1" z_index="36" m_a="1.768036" m_b="-0.059873" m_c="0.066872" m_d="1.974718" m_tx="-233.149002" m_ty="-683.749023"/>
   <element name="bearger_body" layername="bearger_body" frame="3" z_index="37" m_a="1.500000" m_b="0.000000" m_c="0.000000" m_d="1.500000" m_tx="20.900000" m_ty="-1087.949951"/>
   <element name="bearger_leg" layername="bearger_leg" frame="3" z_index="38" m_a="1.122847" m_b="-0.699863" m_c="0.758942" m_d="1.217633" m_tx="-131.949005" m_ty="-336.348999"/>
   <element name="bearger_leg" layername="bearger_leg" frame="1" z_index="39" m_a="1.207239" m_b="0.687593" m_c="-0.791584" m_d="1.389821" m_tx="-10.099000" m_ty="-142.649002"/>
   <element name="bearger_leg" layername="bearger_leg_2" frame="2" z_index="40" m_a="1.253136" m_b="-0.327840" m_c="0.384089" m_d="1.468140" m_tx="-102.698997" m_ty="5.400000"/>
   <element name="bearger_torso" layername="bearger_torso" frame="1" z_index="41" m_a="0.298965" m_b="-1.463057" m_c="1.463057" m_d="0.298965" m_tx="0.200000" m_ty="-663.049011"/>
   <element name="bearger_leg" layername="bearger_leg_3" frame="0" z_index="42" m_a="1.123209" m_b="-0.977066" m_c="0.961104" m_d="1.104860" m_tx="-43.299000" m_ty="-336.648987"/>
   <element name="bearger_leg" layername="bearger_leg_4" frame="1" z_index="43" m_a="1.242952" m_b="0.880580" m_c="-0.915491" m_d="1.292229" m_tx="110.750000" m_ty="-171.199005"/>
   <element name="bearger_leg" layername="bearger_leg_5" frame="2" z_index="44" m_a="1.213077" m_b="-0.564240" m_c="0.564240" m_d="1.213077" m_tx="4.600000" m_ty="-40.648998"/>
   <element name="bearger_arm" layername="bearger_arm_2" frame="2" z_index="45" m_a="-0.530987" m_b="1.262003" m_c="1.689071" m_d="0.710676" m_tx="57.400002" m_ty="-947.848999"/>
   <element name="bearger_hand" layername="bearger_hand" frame="1" z_index="46" m_a="-0.079539" m_b="1.485362" m_c="1.478252" m_d="0.079159" m_tx="98.500000" m_ty="-347.348999"/>
   <element name="bearger_arm" layername="bearger_arm_3" frame="1" z_index="47" m_a="1.692779" m_b="0.118044" m_c="-0.136085" m_d="1.951491" m_tx="105.099998" m_ty="-739.948975"/>
  </frame>
  <frame idx="200" w="1972" h="3043" x="-60.917358" y="-834.718506">
   <element name="bearger_head" layername="bearger_head" frame="6" z_index="33" m_a="1.500000" m_b="0.000000" m_c="0.000000" m_d="1.500000" m_tx="286.299988" m_ty="-894.898987"/>
   <element name="bearger_arm" layername="bearger_arm" frame="2" z_index="34" m_a="0.851377" m_b="1.228262" m_c="-1.764168" m_d="1.222843" m_tx="-89.448997" m_ty="-925.799011"/>
   <element name="bearger_hand" layername="bearger_hand" frame="2" z_index="35" m_a="0.146005" m_b="1.470409" m_c="1.470409" m_d="-0.146005" m_tx="-163.548996" m_ty="-313.949005"/>
   <element name="bearger_arm" layername="bearger_arm" frame="1" z_index="36" m_a="1.768036" m_b="-0.059873" m_c="0.066872" m_d="1.974718" m_tx="-233.149002" m_ty="-683.749023"/>
   <element name="bearger_body" layername="bearger_body" frame="3" z_index="37" m_a="1.500000" m_b="0.000000" m_c="0.000000" m_d="1.500000" m_tx="20.900000" m_ty="-1087.949951"/>
   <element name="bearger_leg" layername="bearger_leg" frame="3" z_index="38" m_a="1.122847" m_b="-0.699863" m_c="0.758942" m_d="1.217633" m_tx="-131.949005" m_ty="-336.348999"/>
   <element name="bearger_leg" layername="bearger_leg" frame="1" z_index="39" m_a="1.207239" m_b="0.687593" m_c="-0.791584" m_d="1.389821" m_tx="-10.099000" m_ty="-142.649002"/>
   <element name="bearger_leg" layername="bearger_leg_2" frame="2" z_index="40" m_a="1.253136" m_b="-0.327840" m_c="0.384089" m_d="1.468140" m_tx="-102.698997" m_ty="5.400000"/>
   <element name="bearger_torso" layername="bearger_torso" frame="1" z_index="41" m_a="0.298965" m_b="-1.463057" m_c="1.463057" m_d="0.298965" m_tx="0.200000" m_ty="-663.049011"/>
   <element name="bearger_leg" layername="bearger_leg_3" frame="0" z_index="42" m_a="1.123209" m_b="-0.977066" m_c="0.961104" m_d="1.104860" m_tx="-43.299000" m_ty="-336.648987"/>
   <element name="bearger_leg" layername="bearger_leg_4" frame="1" z_index="43" m_a="1.242952" m_b="0.880580" m_c="-0.915491" m_d="1.292229" m_tx="110.750000" m_ty="-171.199005"/>
   <element name="bearger_leg" layername="bearger_leg_5" frame="2" z_index="44" m_a="1.213077" m_b="-0.564240" m_c="0.564240" m_d="1.213077" m_tx="4.600000" m_ty="-40.648998"/>
   <element name="bearger_arm" layername="bearger_arm_2" frame="2" z_index="45" m_a="-0.530987" m_b="1.262003" m_c="1.689071" m_d="0.710676" m_tx="57.400002" m_ty="-947.848999"/>
   <element name="bearger_hand" layername="bearger_hand" frame="1" z_index="46" m_a="-0.079539" m_b="1.485362" m_c="1.478252" m_d="0.079159" m_tx="98.500000" m_ty="-347.348999"/>
   <element name="bearger_arm" layername="bearger_arm_3" frame="1" z_index="47" m_a="1.692779" m_b="0.118044" m_c="-0.136085" m_d="1.951491" m_tx="105.099998" m_ty="-739.948975"/>
  </frame>
  <frame idx="225" w="1972" h="3043" x="-60.917358" y="-834.718506">
   <element name="bearger_head" layername="bearger_head" frame="6" z_index="33" m_a="1.500000" m_b="0.000000" m_c="0.000000" m_d="1.500000" m_tx="286.299988" m_ty="-894.898987"/>
   <element name="bearger_arm" layername="bearger_arm" frame="2" z_index="34" m_a="0.851377" m_b="1.228262" m_c="-1.764168" m_d="1.222843" m_tx="-89.448997" m_ty="-925.799011"/>
   <element name="bearger_hand" layername="bearger_hand" frame="2" z_index="35" m_a="0.146005" m_b="1.470409" m_c="1.470409" m_d="-0.146005" m_tx="-163.548996" m_ty="-313.949005"/>
   <element name="bearger_arm" layername="bearger_arm" frame="1" z_index="36" m_a="1.768036" m_b="-0.059873" m_c="0.066872" m_d="1.974718" m_tx="-233.149002" m_ty="-683.749023"/>
   <element name="bearger_body" layername="bearger_body" frame="3" z_index="37" m_a="1.500000" m_b="0.000000" m_c="0.000000" m_d="1.500000" m_tx="20.900000" m_ty="-1087.949951"/>
   <element name="bearger_leg" layername="bearger_leg" frame="3" z_index="38" m_a="1.122847" m_b="-0.699863" m_c="0.758942" m_d="1.217633" m_tx="-131.949005" m_ty="-336.348999"/>
   <element name="bearger_leg" layername="bearger_leg" frame="1" z_index="39" m_a="1.207239" m_b="0.687593" m_c="-0.791584" m_d="1.389821" m_tx="-10.099000" m_ty="-142.649002"/>
   <element name="bearger_leg" layername="bearger_leg_2" frame="2" z_index="40" m_a="1.253136" m_b="-0.327840" m_c="0.384089" m_d="1.468140" m_tx="-102.698997" m_ty="5.400000"/>
   <element name="bearger_torso" layername="bearger_torso" frame="1" z_index="41" m_a="0.298965" m_b="-1.463057" m_c="1.463057" m_d="0.298965" m_tx="0.200000" m_ty="-663.049011"/>
   <element name="bearger_leg" layername="bearger_leg_3" frame="0" z_index="42" m_a="1.123209" m_b="-0.977066" m_c="0.961104" m_d="1.104860" m_tx="-43.299000" m_ty="-336.648987"/>
   <element name="bearger_leg" layername="bearger_leg_4" frame="1" z_index="43" m_a="1.242952" m_b="0.880580" m_c="-0.915491" m_d="1.292229" m_tx="110.750000" m_ty="-171.199005"/>
   <element name="bearger_leg" layername="bearger_leg_5" frame="2" z_index="44" m_a="1.213077" m_b="-0.564240" m_c="0.564240" m_d="1.213077" m_tx="4.600000" m_ty="-40.648998"/>
   <element name="bearger_arm" layername="bearger_arm_2" frame="2" z_index="45" m_a="-0.530987" m_b="1.262003" m_c="1.689071" m_d="0.710676" m_tx="57.400002" m_ty="-947.848999"/>
   <element name="bearger_hand" layername="bearger_hand" frame="1" z_index="46" m_a="-0.079539" m_b="1.485362" m_c="1.478252" m_d="0.079159" m_tx="98.500000" m_ty="-347.348999"/>
   <element name="bearger_arm" layername="bearger_arm_3" frame="1" z_index="47" m_a="1.692779" m_b="0.118044" m_c="-0.136085" m_d="1.951491" m_tx="105.099998" m_ty="-739.948975"/>
  </frame>
 </anim>
 <anim name="t_up" root="bearger" numframes="250" framerate="40">
  <frame idx="0" w="2306" h="1985" x="-224.919922" y="-522.956421">
   <element name="bearger_body" layername="bearger_body" frame="5" z_index="32" m_a="1.431560" m_b="0.016890" m_c="-0.014708" m_d="1.246643" m_tx="-24.899000" m_ty="-854.249023"/>
   <element name="bearger_arm" layername="bearger_arm" frame="2" z_index="33" m_a="0.274742" m_b="1.306454" m_c="-1.959764" m_d="0.412130" m_tx="-254.248993" m_ty="-953.249023"/>
   <element name="bearger_arm" layername="bearger_arm" frame="2" z_index="34" m_a="-0.291970" m_b="1.273705" m_c="2.013906" m_d="0.461645" m_tx="217.199997" m_ty="-959.348999"/>
   <element name="bearger_body" layername="bearger_body" frame="4" z_index="35" m_a="1.429570" m_b="0.016866" m_c="-0.016455" m_d="1.394673" m_tx="-20.299000" m_ty="-1119.550049"/>
   <element name="bearger_arm" layername="bearger_arm_2" frame="1" z_index="36" m_a="-1.525467" m_b="0.109614" m_c="0.126454" m_d="1.759833" m_tx="452.850006" m_ty="-656.098999"/>
   <element name="bearger_hand" layername="bearger_hand" frame="1" z_index="37" m_a="0.071755" m_b="1.339640" m_c="-1.333209" m_d="0.071411" m_tx="426.549988" m_ty="-338.398987"/>
   <element name="bearger_arm" layername="bearger_arm_3" frame="1" z_index="38" m_a="1.500538" m_b="0.047811" m_c="-0.056757" m_d="1.781296" m_tx="-494.248993" m_ty="-645.898987"/>
   <element name="bearger_hand" layername="bearger_hand" frame="1" z_index="39" m_a="-0.090430" m_b="1.329829" m_c="1.329839" m_d="0.090431" m_tx="-460.549011" m_ty="-326.949005"/>
   <element name="bearger_torso" layername="bearger_torso" frame="3" z_index="40" m_a="1.544430" m_b="0.000000" m_c="0.000000" m_d="1.651050" m_tx="-24.349001" m_ty="-608.549011"/>
   <element name="bearger_head" layername="bearger_head" frame="2" z_index="41" m_a="1.500000" m_b="0.000000" m_c="0.000000" m_d="1.500000" m_tx="18.150000" m_ty="-933.749023"/>
   <element name="bearger_leg" layername="bearger_leg" frame="3" z_index="42" m_a="0.782164" m_b="-1.132440" m_c="1.054273" m_d="0.728174" m_tx="48.599998" m_ty="-297.549011"/>
   <element name="bearger_leg" layername="bearger_leg" frame="1" z_index="43" m_a="1.239943" m_b="0.756983" m_c="-0.830329" m_d="1.360084" m_tx="217.899994" m_ty="-169.798996"/>
   <element name="bearger_leg" layername="bearger_leg_2" frame="2" z_index="44" m_a="1.181676" m_b="-0.659818" m_c="0.773046" m_d="1.384456" m_tx="111.750000" m_ty="-24.099001"/>
   <element name="bearger_leg" layername="bearger_leg_3" frame="0" z_index="45" m_a="-1.141166" m_b="-1.039473" m_c="-1.022503" m_d="1.122536" m_tx="-73.098999" m_ty="-346.598999"/>
   <element name="bearger_leg" layername="bearger_leg_4" frame="1" z_index="46" m_a="-1.342093" m_b="0.837864" m_c="0.916580" m_d="1.468179" m_tx="-233.848999" m_ty="-182.348999"/>
   <element name="bearger_leg" layername="bearger_leg_5" frame="2" z_index="47" m_a="-1.234099" m_b="-0.641801" m_c="-0.641806" m_d="1.234108" m_tx="-142.098999" m_ty="-17.099001"/>
  </frame>
  <frame idx="25" w="2306" h="1985" x="-224.919922" y="-522.956421">
   <element name="bearger_body" layername="bearger_body" frame="5" z_index="32" m_a="1.431560" m_b="0.016890" m_c="-0.014708" m_d="1.246643" m_tx="-24.899000" m_ty="-854.249023"/>
   <element name="bearger_arm" layername="bearger_arm" frame="2" z_index="33" m_a="0.274742" m_b="1.306454" m_c="-1.959764" m_d="0.412130" m_tx="-254.248993" m_ty="-953.249023"/>
   <element name="bearger_arm" layername="bearger_arm" frame="2" z_index="34" m_a="-0.291970" m_b="1.273705" m_c="2.013906" m_d="0.461645" m_tx="217.199997" m_ty="-959.348999"/>
   <element name="bearger_body" layername="bearger_body" frame="4" z_index="35" m_a="1.429570" m_b="0.016866" m_c="-0.016455" m_d="1.394673" m_tx="-20.299000" m_ty="-1119.550049"/>
   <element name="bearger_arm" layername="bearger_arm_2" frame="1" z_index="36" m_a="-1.525467" m_b="0.109614" m_c="0.126454" m_d="1.759833" m_tx="452.850006" m_ty="-656.098999"/>
   <element name="bearger_hand" layername="bearger_hand" frame="1" z_index="37" m_a="0.071755" m_b="1.339640" m_c="-1.333209" m_d="0.071411" m_tx="426.549988" m_ty="-338.398987"/>
   <element name="bearger_arm" layername="bearger_arm_3" frame="1" z_index="38" m_a="1.500538" m_b="0.047811" m_c="-0.056757" m_d="1.781296" m_tx="-494.248993" m_ty="-645.898987"/>
   <element name="bearger_hand" layername="bearger_hand" frame="1" z_index="39" m_a="-0.090430" m_b="1.329829" m_c="1.329839" m_d="0.090431" m_tx="-460.549011" m_ty="-326.949005"/>
   <element name="bearger_torso" layername="bearger_torso" frame="3" z_index="40" m_a="1.544430" m_b="0.000000" m_c="0.000000" m_d="1.651050" m_tx="-24.349001" m_ty="-608.549011"/>
   <element name="bearger_head" layername="bearger_head" frame="2" z_index="41" m_a="1.500000" m_b="0.000000" m_c="0.000000" m_d="1.500000" m_tx="18.150000" m_ty="-933.749023"/>
   <element name="bearger_leg" layername="bearger_leg" frame="3" z_index="42" m_a="0.782164" m_b="-1.132440" m_c="1.054273" m_d="0.728174" m_tx="48.599998" m_ty="-297.549011"/>
   <element name="bearger_leg" layername="bearger_leg" frame="1" z_index="43" m_a="1.239943" m_b="0.756983" m_c="-0.830329" m_d="1.360084" m_tx="217.899994" m_ty="-169.798996"/>
   <element name="bearger_leg" layername="bearger_leg_2" frame="2" z_index="44" m_a="1.181676" m_b="-0.659818" m_c="0.773046" m_d="1.384456" m_tx="111.750000" m_ty="-24.099001"/>
   <element name="bearger_leg" layername="bearger_leg_3" frame="0" z_index="45" m_a="-1.141166" m_b="-1.039473" m_c="-1.022503" m_d="1.122536" m_tx="-73.098999" m_ty="-346.598999"/>
   <element name="bearger_leg" layername="bearger_leg_4" frame="1" z_index="46" m_a="-1.342093" m_b="0.837864" m_c="0.916580" m_d="1.468179" m_tx="-233.848999" m_ty="-182.348999"/>
   <element name="bearger_leg" layername="bearger_leg_5" frame="2" z_index="47" m_a="-1.234099" m_b="-0.641801" m_c="-0.641806" m_d="1.234108" m_tx="-142.098999" m_ty="-17.099001"/>
  </frame>
  <frame idx="50" w="2306" h="1985" x="-224.919922" y="-522.956421">
   <element name="bearger_body" layername="bearger_body" frame="5" z_index="32" m_a="1.431560" m_b="0.016890" m_c="-0.014708" m_d="1.246643" m_tx="-24.899000" m_ty="-854.249023"/>
   <element name="bearger_arm" layername="bearger_arm" frame="2" z_index="33" m_a="0.274742" m_b="1.306454" m_c="-1.959764" m_d="0.412130" m_tx="-254.248993" m_ty="-953.249023"/>
   <element name="bearger_arm" layername="bearger_arm" frame="2" z_index="34" m_a="-0.291970" m_b="1.273705" m_c="2.013906" m_d="0.461645" m_tx="217.199997" m_ty="-959.348999"/>
   <element name="bearger_body" layername="bearger_body" frame="4" z_index="35" m_a="1.429570" m_b="0.016866" m_c="-0.016455" m_d="1.394673" m_tx="-20.299000" m_ty="-1119.550049"/>
   <element name="bearger_arm" layername="bearger_arm_2" frame="1" z_index="36" m_a="-1.525467" m_b="0.109614" m_c="0.126454" m_d="1.759833" m_tx="452.850006" m_ty="-656.098999"/>
   <element name="bearger_hand" layername="bearger_hand" frame="1" z_index="37" m_a="0.071755" m_b="1.339640" m_c="-1.333209" m_d="0.071411" m_tx="426.549988" m_ty="-338.398987"/>
   <element name="bearger_arm" layername="bearger_arm_3" frame="1" z_index="38" m_a="1.500538" m_b="0.047811" m_c="-0.056757" m_d="1.781296" m_tx="-494.248993" m_ty="-645.898987"/>
   <element name="bearger_hand" layername="bearger_hand" frame="1" z_index="39" m_a="-0.090430" m_b="1.329829" m_c="1.329839" m_d="0.090431" m_tx="-460.549011" m_ty="-326.949005"/>
   <element name="bearger_torso" layername="bearger_torso" frame="3" z_index="40" m_a="1.544430" m_b="0.000000" m_c="0.000000" m_d="1.651050" m_tx="-24.349001" m_ty="-608.549011"/>
   <element name="bearger_head" layername="bearger_head" frame="2" z_index="41" m_a="1.500000" m_b="0.000000" m_c="0.000000" m_d="1.500000" m_tx="18.150000" m_ty="-933.749023"/>
   <element name="bearger_leg" layername="bearger_leg" frame="3" z_index="42" m_a="0.782164" m_b="-1.132440" m_c="1.054273" m_d="0.728174" m_tx="48.599998" m_ty="-297.549011"/>
   <element name="bearger_leg" layername="bearger_leg" frame="1" z_index="43" m_a="1.239943" m_b="0.756983" m_c="-0.830329" m_d="1.360084" m_tx="217.899994" m_ty="-169.798996"/>
   <element name="bearger_leg" layername="bearger_leg_2" frame="2" z_index="44" m_a="1.181676" m_b="-0.659818" m_c="0.773046" m_d="1.384456" m_tx="111.750000" m_ty="-24.099001"/>
   <element name="bearger_leg" layername="bearger_leg_3" frame="0" z_index="45" m_a="-1.141166" m_b="-1.039473" m_c="-1.022503" m_d="1.122536" m_tx="-73.098999" m_ty="-346.598999"/>
   <element name="bearger_leg" layername="bearger_leg_4" frame="1" z_index="46" m_a="-1.342093" m_b="0.837864" m_c="0.916580" m_d="1.468179" m_tx="-233.848999" m_ty="-182.348999"/>
   <element name="bearger_leg" layername="bearger_leg_5" frame="2" z_index="47" m_a="-1.234099" m_b="-0.641801" m_c="-0.641806" m_d="1.234108" m_tx="-142.098999" m_ty="-17.099001"/>
  </frame>
  <frame idx="75" w="2306" h="1985" x="-224.919922" y="-522.956421">
   <element name="bearger_body" layername="bearger_body" frame="5" z_index="32" m_a="1.431560" m_b="0.016890" m_c="-0.014708" m_d="1.246643" m_tx="-24.899000" m_ty="-854.249023"/>
   <element name="bearger_arm" layername="bearger_arm" frame="2" z_index="33" m_a="0.274742" m_b="1.306454" m_c="-1.959764" m_d="0.412130" m_tx="-254.248993" m_ty="-953.249023"/>
   <element name="bearger_arm" layername="bearger_arm" frame="2" z_index="34" m_a="-0.291970" m_b="1.273705" m_c="2.013906" m_d="0.461645" m_tx="217.199997" m_ty="-959.348999"/>
   <element name="bearger_body" layername="bearger_body" frame="4" z_index="35" m_a="1.429570" m_b="0.016866" m_c="-0.016455" m_d="1.394673" m_tx="-20.299000" m_ty="-1119.550049"/>
   <element name="bearger_arm" layername="bearger_arm_2" frame="1" z_index="36" m_a="-1.525467" m_b="0.109614" m_c="0.126454" m_d="1.759833" m_tx="452.850006" m_ty="-656.098999"/>
   <element name="bearger_hand" layername="bearger_hand" frame="1" z_index="37" m_a="0.071755" m_b="1.339640" m_c="-1.333209" m_d="0.071411" m_tx="426.549988" m_ty="-338.398987"/>
   <element name="bearger_arm" layername="bearger_arm_3" frame="1" z_index="38" m_a="1.500538" m_b="0.047811" m_c="-0.056757" m_d="1.781296" m_tx="-494.248993" m_ty="-645.898987"/>
   <element name="bearger_hand" layername="bearger_hand" frame="1" z_index="39" m_a="-0.090430" m_b="1.329829" m_c="1.329839" m_d="0.090431" m_tx="-460.549011" m_ty="-326.949005"/>
   <element name="bearger_torso" layername="bearger_torso" frame="3" z_index="40" m_a="1.544430" m_b="0.000000" m_c="0.000000" m_d="1.651050" m_tx="-24.349001" m_ty="-608.549011"/>
   <element name="bearger_head" layername="bearger_head" frame="2" z_index="41" m_a="1.500000" m_b="0.000000" m_c="0.000000" m_d="1.500000" m_tx="18.150000" m_ty="-933.749023"/>
   <element name="bearger_leg" layername="bearger_leg" frame="3" z_index="42" m_a="0.782164" m_b="-1.132440" m_c="1.054273" m_d="0.728174" m_tx="48.599998" m_ty="-297.549011"/>
   <element name="bearger_leg" layername="bearger_leg" frame="1" z_index="43" m_a="1.239943" m_b="0.756983" m_c="-0.830329" m_d="1.360084" m_tx="217.899994" m_ty="-169.798996"/>
   <element name="bearger_leg" layername="bearger_leg_2" frame="2" z_index="44" m_a="1.181676" m_b="-0.659818" m_c="0.773046" m_d="1.384456" m_tx="111.750000" m_ty="-24.099001"/>
   <element name="bearger_leg" layername="bearger_leg_3" frame="0" z_index="45" m_a="-1.141166" m_b="-1.039473" m_c="-1.022503" m_d="1.122536" m_tx="-73.098999" m_ty="-346.598999"/>
   <element name="bearger_leg" layername="bearger_leg_4" frame="1" z_index="46" m_a="-1.342093" m_b="0.837864" m_c="0.916580" m_d="1.468179" m_tx="-233.848999" m_ty="-182.348999"/>
   <element name="bearger_leg" layername="bearger_leg_5" frame="2" z_index="47" m_a="-1.234099" m_b="-0.641801" m_c="-0.641806" m_d="1.234108" m_tx="-142.098999" m_ty="-17.099001"/>
  </frame>
  <frame idx="100" w="2306" h="1985" x="-224.919922" y="-522.956421">
   <element name="bearger_body" layername="bearger_body" frame="5" z_index="32" m_a="1.431560" m_b="0.016890" m_c="-0.014708" m_d="1.246643" m_tx="-24.899000" m_ty="-854.249023"/>
   <element name="bearger_arm" layername="bearger_arm" frame="2" z_index="33" m_a="0.274742" m_b="1.306454" m_c="-1.959764" m_d="0.412130" m_tx="-254.248993" m_ty="-953.249023"/>
   <element name="bearger_arm" layername="bearger_arm" frame="2" z_index="34" m_a="-0.291970" m_b="1.273705" m_c="2.013906" m_d="0.461645" m_tx="217.199997" m_ty="-959.348999"/>
   <element name="bearger_body" layername="bearger_body" frame="4" z_index="35" m_a="1.429570" m_b="0.016866" m_c="-0.016455" m_d="1.394673" m_tx="-20.299000" m_ty="-1119.550049"/>
   <element name="bearger_arm" layername="bearger_arm_2" frame="1" z_index="36" m_a="-1.525467" m_b="0.109614" m_c="0.126454" m_d="1.759833" m_tx="452.850006" m_ty="-656.098999"/>
   <element name="bearger_hand" layername="bearger_hand" frame="1" z_index="37" m_a="0.071755" m_b="1.339640" m_c="-1.333209" m_d="0.071411" m_tx="426.549988" m_ty="-338.398987"/>
   <element name="bearger_arm" layername="bearger_arm_3" frame="1" z_index="38" m_a="1.500538" m_b="0.047811" m_c="-0.056757" m_d="1.781296" m_tx="-494.248993" m_ty="-645.898987"/>
   <element name="bearger_hand" layername="bearger_hand" frame="1" z_index="39" m_a="-0.090430" m_b="1.329829" m_c="1.329839" m_d="0.090431" m_tx="-460.549011" m_ty="-326.949005"/>
   <element name="bearger_torso" layername="bearger_torso" frame="3" z_index="40" m_a="1.544430" m_b="0.000000" m_c="0.000000" m_d="1.651050" m_tx="-24.349001" m_ty="-608.549011"/>
   <element name="bearger_head" layername="bearger_head" frame="2" z_index="41" m_a="1.500000" m_b="0.000000" m_c="0.000000" m_d="1.500000" m_tx="18.150000" m_ty="-933.749023"/>
   <element name="bearger_leg" layername="bearger_leg" frame="3" z_index="42" m_a="0.782164" m_b="-1.132440" m_c="1.054273" m_d="0.728174" m_tx="48.599998" m_ty="-297.549011"/>
   <element name="bearger_leg" layername="bearger_leg" frame="1" z_index="43" m_a="1.239943" m_b="0.756983" m_c="-0.830329" m_d="1.360084" m_tx="217.899994" m_ty="-169.798996"/>
   <element name="bearger_leg" layername="bearger_leg_2" frame="2" z_index="44" m_a="1.181676" m_b="-0.659818" m_c="0.773046" m_d="1.384456" m_tx="111.750000" m_ty="-24.099001"/>
   <element name="bearger_leg" layername="bearger_leg_3" frame="0" z_index="45" m_a="-1.141166" m_b="-1.039473" m_c="-1.022503" m_d="1.122536" m_tx="-73.098999" m_ty="-346.598999"/>
   <element name="bearger_leg" layername="bearger_leg_4" frame="1" z_index="46" m_a="-1.342093" m_b="0.837864" m_c="0.916580" m_d="1.468179" m_tx="-233.848999" m_ty="-182.348999"/>
   <element name="bearger_leg" layername="bearger_leg_5" frame="2" z_index="47" m_a="-1.234099" m_b="-0.641801" m_c="-0.641806" m_d="1.234108" m_tx="-142.098999" m_ty="-17.099001"/>
  </frame>
  <frame idx="125" w="2306" h="1985" x="-224.919922" y="-522.956421">
   <element name="bearger_body" layername="bearger_body" frame="5" z_index="32" m_a="1.431560" m_b="0.016890" m_c="-0.014708" m_d="1.246643" m_tx="-24.899000" m_ty="-854.249023"/>
   <element name="bearger_arm" layername="bearger_arm" frame="2" z_index="33" m_a="0.274742" m_b="1.306454" m_c="-1.959764" m_d="0.412130" m_tx="-254.248993" m_ty="-953.249023"/>
   <element name="bearger_arm" layername="bearger_arm" frame="2" z_index="34" m_a="-0.291970" m_b="1.273705" m_c="2.013906" m_d="0.461645" m_tx="217.199997" m_ty="-959.348999"/>
   <element name="bearger_body" layername="bearger_body" frame="4" z_index="35" m_a="1.429570" m_b="0.016866" m_c="-0.016455" m_d="1.394673" m_tx="-20.299000" m_ty="-1119.550049"/>
   <element name="bearger_arm" layername="bearger_arm_2" frame="1" z_index="36" m_a="-1.525467" m_b="0.109614" m_c="0.126454" m_d="1.759833" m_tx="452.850006" m_ty="-656.098999"/>
   <element name="bearger_hand" layername="bearger_hand" frame="1" z_index="37" m_a="0.071755" m_b="1.339640" m_c="-1.333209" m_d="0.071411" m_tx="426.549988" m_ty="-338.398987"/>
   <element name="bearger_arm" layername="bearger_arm_3" frame="1" z_index="38" m_a="1.500538" m_b="0.047811" m_c="-0.056757" m_d="1.781296" m_tx="-494.248993" m_ty="-645.898987"/>
   <element name="bearger_hand" layername="bearger_hand" frame="1" z_index="39" m_a="-0.090430" m_b="1.329829" m_c="1.329839" m_d="0.090431" m_tx="-460.549011" m_ty="-326.949005"/>
   <element name="bearger_torso" layername="bearger_torso" frame="3" z_index="40" m_a="1.544430" m_b="0.000000" m_c="0.000000" m_d="1.651050" m_tx="-24.349001" m_ty="-608.549011"/>
   <element name="bearger_head" layername="bearger_head" frame="2" z_index="41" m_a="1.500000" m_b="0.000000" m_c="0.000000" m_d="1.500000" m_tx="18.150000" m_ty="-933.749023"/>
   <element name="bearger_leg" layername="bearger_leg" frame="3" z_index="42" m_a="0.782164" m_b="-1.132440" m_c="1.054273" m_d="0.728174" m_tx="48.599998" m_ty="-297.549011"/>
   <element name="bearger_leg" layername="bearger_leg" frame="1" z_index="43" m_a="1.239943" m_b="0.756983" m_c="-0.830329" m_d="1.360084" m_tx="217.899994" m_ty="-169.798996"/>
   <element name="bearger_leg" layername="bearger_leg_2" frame="2" z_index="44" m_a="1.181676" m_b="-0.659818" m_c="0.773046" m_d="1.384456" m_tx="111.750000" m_ty="-24.099001"/>
   <element name="bearger_leg" layername="bearger_leg_3" frame="0" z_index="45" m_a="-1.141166" m_b="-1.039473" m_c="-1.022503" m_d="1.122536" m_tx="-73.098999" m_ty="-346.598999"/>
   <element name="bearger_leg" layername="bearger_leg_4" frame="1" z_index="46" m_a="-1.342093" m_b="0.837864" m_c="0.916580" m_d="1.468179" m_tx="-233.848999" m_ty="-182.348999"/>
   <element name="bearger_leg" layername="bearger_leg_5" frame="2" z_index="47" m_a="-1.234099" m_b="-0.641801" m_c="-0.641806" m_d="1.234108" m_tx="-142.098999" m_ty="-17.099001"/>
  </frame>
  <frame idx="150" w="2306" h="1985" x="-224.919922" y="-522.956421">
   <element name="bearger_body" layername="bearger_body" frame="5" z_index="32" m_a="1.431560" m_b="0.016890" m_c="-0.014708" m_d="1.246643" m_tx="-24.899000" m_ty="-854.249023"/>
   <element name="bearger_arm" layername="bearger_arm" frame="2" z_index="33" m_a="0.274742" m_b="1.306454" m_c="-1.959764" m_d="0.412130" m_tx="-254.248993" m_ty="-953.249023"/>
   <element name="bearger_arm" layername="bearger_arm" frame="2" z_index="34" m_a="-0.291970" m_b="1.273705" m_c="2.013906" m_d="0.461645" m_tx="217.199997" m_ty="-959.348999"/>
   <element name="bearger_body" layername="bearger_body" frame="4" z_index="35" m_a="1.429570" m_b="0.016866" m_c="-0.016455" m_d="1.394673" m_tx="-20.299000" m_ty="-1119.550049"/>
   <element name="bearger_arm" layername="bearger_arm_2" frame="1" z_index="36" m_a="-1.525467" m_b="0.109614" m_c="0.126454" m_d="1.759833" m_tx="452.850006" m_ty="-656.098999"/>
   <element name="bearger_hand" layername="bearger_hand" frame="1" z_index="37" m_a="0.071755" m_b="1.339640" m_c="-1.333209" m_d="0.071411" m_tx="426.549988" m_ty="-338.398987"/>
   <element name="bearger_arm" layername="bearger_arm_3" frame="1" z_index="38" m_a="1.500538" m_b="0.047811" m_c="-0.056757" m_d="1.781296" m_tx="-494.248993" m_ty="-645.898987"/>
   <element name="bearger_hand" layername="bearger_hand" frame="1" z_index="39" m_a="-0.090430" m_b="1.329829" m_c="1.329839" m_d="0.090431" m_tx="-460.549011" m_ty="-326.949005"/>
   <element name="bearger_torso" layername="bearger_torso" frame="3" z_index="40" m_a="1.544430" m_b="0.000000" m_c="0.000000" m_d="1.651050" m_tx="-24.349001" m_ty="-608.549011"/>
   <element name="bearger_head" layername="bearger_head" frame="2" z_index="41" m_a="1.500000" m_b="0.000000" m_c="0.000000" m_d="1.500000" m_tx="18.150000" m_ty="-933.749023"/>
   <element name="bearger_leg" layername="bearger_leg" frame="3" z_index="42" m_a="0.782164" m_b="-1.132440" m_c="1.054273" m_d="0.728174" m_tx="48.599998" m_ty="-297.549011"/>
   <element name="bearger_leg" layername="bearger_leg" frame="1" z_index="43" m_a="1.239943" m_b="0.756983" m_c="-0.830329" m_d="1.360084" m_tx="217.899994" m_ty="-169.798996"/>
   <element name="bearger_leg" layername="bearger_leg_2" frame="2" z_index="44" m_a="1.181676" m_b="-0.659818" m_c="0.773046" m_d="1.384456" m_tx="111.750000" m_ty="-24.099001"/>
   <element name="bearger_leg" layername="bearger_leg_3" frame="0" z_index="45" m_a="-1.141166" m_b="-1.039473" m_c="-1.022503" m_d="1.122536" m_tx="-73.098999" m_ty="-346.598999"/>
   <element name="bearger_leg" layername="bearger_leg_4" frame="1" z_index="46" m_a="-1.342093" m_b="0.837864" m_c="0.916580" m_d="1.468179" m_tx="-233.848999" m_ty="-182.348999"/>
   <element name="bearger_leg" layername="bearger_leg_5" frame="2" z_index="47" m_a="-1.234099" m_b="-0.641801" m_c="-0.641806" m_d="1.234108" m_tx="-142.098999" m_ty="-17.099001"/>
  </frame>
  <frame idx="175" w="2306" h="1985" x="-224.919922" y="-522.956421">
   <element name="bearger_body" layername="bearger_body" frame="5" z_index="32" m_a="1.431560" m_b="0.016890" m_c="-0.014708" m_d="1.246643" m_tx="-24.899000" m_ty="-854.249023"/>
   <element name="bearger_arm" layername="bearger_arm" frame="2" z_index="33" m_a="0.274742" m_b="1.306454" m_c="-1.959764" m_d="0.412130" m_tx="-254.248993" m_ty="-953.249023"/>
   <element name="bearger_arm" layername="bearger_arm" frame="2" z_index="34" m_a="-0.291970" m_b="1.273705" m_c="2.013906" m_d="0.461645" m_tx="217.199997" m_ty="-959.348999"/>
   <element name="bearger_body" layername="bearger_body" frame="4" z_index="35" m_a="1.429570" m_b="0.016866" m_c="-0.016455" m_d="1.394673" m_tx="-20.299000" m_ty="-1119.550049"/>
   <element name="bearger_arm" layername="bearger_arm_2" frame="1" z_index="36" m_a="-1.525467" m_b="0.109614" m_c="0.126454" m_d="1.759833" m_tx="452.850006" m_ty="-656.098999"/>
   <element name="bearger_hand" layername="bearger_hand" frame="1" z_index="37" m_a="0.071755" m_b="1.339640" m_c="-1.333209" m_d="0.071411" m_tx="426.549988" m_ty="-338.398987"/>
   <element name="bearger_arm" layername="bearger_arm_3" frame="1" z_index="38" m_a="1.500538" m_b="0.047811" m_c="-0.056757" m_d="1.781296" m_tx="-494.248993" m_ty="-645.898987"/>
   <element name="bearger_hand" layername="bearger_hand" frame="1" z_index="39" m_a="-0.090430" m_b="1.329829" m_c="1.329839" m_d="0.090431" m_tx="-460.549011" m_ty="-326.949005"/>
   <element name="bearger_torso" layername="bearger_torso" frame="3" z_index="40" m_a="1.544430" m_b="0.000000" m_c="0.000000" m_d="1.651050" m_tx="-24.349001" m_ty="-608.549011"/>
   <element name="bearger_head" layername="bearger_head" frame="2" z_index="41" m_a="1.500000" m_b="0.000000" m_c="0.000000" m_d="1.500000" m_tx="18.150000" m_ty="-933.749023"/>
   <element name="bearger_leg" layername="bearger_leg" frame="3" z_index="42" m_a="0.782164" m_b="-1.132440" m_c="1.054273" m_d="0.728174" m_tx="48.599998" m_ty="-297.549011"/>
   <element name="bearger_leg" layername="bearger_leg" frame="1" z_index="43" m_a="1.239943" m_b="0.756983" m_c="-0.830329" m_d="1.360084" m_tx="217.899994" m_ty="-169.798996"/>
   <element name="bearger_leg" layername="bearger_leg_2" frame="2" z_index="44" m_a="1.181676" m_b="-0.659818" m_c="0.773046" m_d="1.384456" m_tx="111.750000" m_ty="-24.099001"/>
   <element name="bearger_leg" layername="bearger_leg_3" frame="0" z_index="45" m_a="-1.141166" m_b="-1.039473" m_c="-1.022503" m_d="1.122536" m_tx="-73.098999" m_ty="-346.598999"/>
   <element name="bearger_leg" layername="bearger_leg_4" frame="1" z_index="46" m_a="-1.342093" m_b="0.837864" m_c="0.916580" m_d="1.468179" m_tx="-233.848999" m_ty="-182.348999"/>
   <element name="bearger_leg" layername="bearger_leg_5" frame="2" z_index="47" m_a="-1.234099" m_b="-0.641801" m_c="-0.641806" m_d="1.234108" m_tx="-142.098999" m_ty="-17.099001"/>
  </frame>
  <frame idx="200" w="2306" h="1985" x="-224.919922" y="-522.956421">
   <element name="bearger_body" layername="bearger_body" frame="5" z_index="32" m_a="1.431560" m_b="0.016890" m_c="-0.014708" m_d="1.246643" m_tx="-24.899000" m_ty="-854.249023"/>
   <element name="bearger_arm" layername="bearger_arm" frame="2" z_index="33" m_a="0.274742" m_b="1.306454" m_c="-1.959764" m_d="0.412130" m_tx="-254.248993" m_ty="-953.249023"/>
   <element name="bearger_arm" layername="bearger_arm" frame="2" z_index="34" m_a="-0.291970" m_b="1.273705" m_c="2.013906" m_d="0.461645" m_tx="217.199997" m_ty="-959.348999"/>
   <element name="bearger_body" layername="bearger_body" frame="4" z_index="35" m_a="1.429570" m_b="0.016866" m_c="-0.016455" m_d="1.394673" m_tx="-20.299000" m_ty="-1119.550049"/>
   <element name="bearger_arm" layername="bearger_arm_2" frame="1" z_index="36" m_a="-1.525467" m_b="0.109614" m_c="0.126454" m_d="1.759833" m_tx="452.850006" m_ty="-656.098999"/>
   <element name="bearger_hand" layername="bearger_hand" frame="1" z_index="37" m_a="0.071755" m_b="1.339640" m_c="-1.333209" m_d="0.071411" m_tx="426.549988" m_ty="-338.398987"/>
   <element name="bearger_arm" layername="bearger_arm_3" frame="1" z_index="38" m_a="1.500538" m_b="0.047811" m_c="-0.056757" m_d="1.781296" m_tx="-494.248993" m_ty="-645.898987"/>
   <element name="bearger_hand" layername="bearger_hand" frame="1" z_index="39" m_a="-0.090430" m_b="1.329829" m_c="1.329839" m_d="0.090431" m_tx="-460.549011" m_ty="-326.949005"/>
   <element name="bearger_torso" layername="bearger_torso" frame="3" z_index="40" m_a="1.544430" m_b="0.000000" m_c="0.000000" m_d="1.651050" m_tx="-24.349001" m_ty="-608.549011"/>
   <element name="bearger_head" layername="bearger_head" frame="2" z_index="41" m_a="1.500000" m_b="0.000000" m_c="0.000000" m_d="1.500000" m_tx="18.150000" m_ty="-933.749023"/>
   <element name="bearger_leg" layername="bearger_leg" frame="3" z_index="42" m_a="0.782164" m_b="-1.132440" m_c="1.054273" m_d="0.728174" m_tx="48.599998" m_ty="-297.549011"/>
   <element name="bearger_leg" layername="bearger_leg" frame="1" z_index="43" m_a="1.239943" m_b="0.756983" m_c="-0.830329" m_d="1.360084" m_tx="217.899994" m_ty="-169.798996"/>
   <element name="bearger_leg" layername="bearger_leg_2" frame="2" z_index="44" m_a="1.181676" m_b="-0.659818" m_c="0.773046" m_d="1.384456" m_tx="111.750000" m_ty="-24.099001"/>
   <element name="bearger_leg" layername="bearger_leg_3" frame="0" z_index="45" m_a="-1.141166" m_b="-1.039473" m_c="-1.022503" m_d="1.122536" m_tx="-73.098999" m_ty="-346.598999"/>
   <element name="bearger_leg" layername="bearger_leg_4" frame="1" z_index="46" m_a="-1.342093" m_b="0.837864" m_c="0.916580" m_d="1.468179" m_tx="-233.848999" m_ty="-182.348999"/>
   <element name="bearger_leg" layername="bearger_leg_5" frame="2" z_index="47" m_a="-1.234099" m_b="-0.641801" m_c="-0.641806" m_d="1.234108" m_tx="-142.098999" m_ty="-17.099001"/>
  </frame>
  <frame idx="225" w="2306" h="1985" x="-224.919922" y="-522.956421">
   <element name="bearger_body" layername="bearger_body" frame="5" z_index="32" m_a="1.431560" m_b="0.016890" m_c="-0.014708" m_d="1.246643" m_tx="-24.899000" m_ty="-854.249023"/>
   <element name="bearger_arm" layername="bearger_arm" frame="2" z_index="33" m_a="0.274742" m_b="1.306454" m_c="-1.959764" m_d="0.412130" m_tx="-254.248993" m_ty="-953.249023"/>
   <element name="bearger_arm" layername="bearger_arm" frame="2" z_index="34" m_a="-0.291970" m_b="1.273705" m_c="2.013906" m_d="0.461645" m_tx="217.199997" m_ty="-959.348999"/>
   <element name="bearger_body" layername="bearger_body" frame="4" z_index="35" m_a="1.429570" m_b="0.016866" m_c="-0.016455" m_d="1.394673" m_tx="-20.299000" m_ty="-1119.550049"/>
   <element name="bearger_arm" layername="bearger_arm_2" frame="1" z_index="36" m_a="-1.525467" m_b="0.109614" m_c="0.126454" m_d="1.759833" m_tx="452.850006" m_ty="-656.098999"/>
   <element name="bearger_hand" layername="bearger_hand" frame="1" z_index="37" m_a="0.071755" m_b="1.339640" m_c="-1.333209" m_d="0.071411" m_tx="426.549988" m_ty="-338.398987"/>
   <element name="bearger_arm" layername="bearger_arm_3" frame="1" z_index="38" m_a="1.500538" m_b="0.047811" m_c="-0.056757" m_d="1.781296" m_tx="-494.248993" m_ty="-645.898987"/>
   <element name="bearger_hand" layername="bearger_hand" frame="1" z_index="39" m_a="-0.090430" m_b="1.329829" m_c="1.329839" m_d="0.090431" m_tx="-460.549011" m_ty="-326.949005"/>
   <element name="bearger_torso" layername="bearger_torso" frame="3" z_index="40" m_a="1.544430" m_b="0.000000" m_c="0.000000" m_d="1.651050" m_tx="-24.349001" m_ty="-608.549011"/>
   <element name="bearger_head" layername="bearger_head" frame="2" z_index="41" m_a="1.500000" m_b="0.000000" m_c="0.000000" m_d="1.500000" m_tx="18.150000" m_ty="-933.749023"/>
   <element name="bearger_leg" layername="bearger_leg" frame="3" z_index="42" m_a="0.782164" m_b="-1.132440" m_c="1.054273" m_d="0.728174" m_tx="48.599998" m_ty="-297.549011"/>
   <element name="bearger_leg" layername="bearger_leg" frame="1" z_index="43" m_a="1.239943" m_b="0.756983" m_c="-0.830329" m_d="1.360084" m_tx="217.899994" m_ty="-169.798996"/>
   <element name="bearger_leg" layername="bearger_leg_2" frame="2" z_index="44" m_a="1.181676" m_b="-0.659818" m_c="0.773046" m_d="1.384456" m_tx="111.750000" m_ty="-24.099001"/>
   <element name="bearger_leg" layername="bearger_leg_3" frame="0" z_index="45" m_a="-1.141166" m_b="-1.039473" m_c="-1.022503" m_d="1.122536" m_tx="-73.098999" m_ty="-346.598999"/>
   <element name="bearger_leg" layername="bearger_leg_4" frame="1" z_index="46" m_a="-1.342093" m_b="0.837864" m_c="0.916580" m_d="1.468179" m_tx="-233.848999" m_ty="-182.348999"/>
   <element name="bearger_leg" layername="bearger_leg_5" frame="2" z_index="47" m_a="-1.234099" m_b="-0.641801" m_c="-0.641806" m_d="1.234108" m_tx="-142.098999" m_ty="-17.099001"/>
  </frame>
 </anim>
</Anims>
