<Anims>
 <anim name="dig" root="uncompromising_rat_burrow" numframes="200" framerate="40">
  <frame idx="0" w="602" h="345" x="-50.501995" y="-64.052834">
   <element name="rat_burrow_base" layername="rat_burrow_base" frame="0" z_index="18" m_a="1.000000" m_b="0.000000" m_c="0.000000" m_d="1.000000" m_tx="0.996008" m_ty="-35.052834"/>
   <element name="rat_burrow_hole" layername="rat_burrow_hole" frame="0" z_index="17" m_a="1.000000" m_b="0.000000" m_c="0.000000" m_d="1.000000" m_tx="-0.001996" m_ty="-17.549974"/>
  </frame>
  <frame idx="25" w="590" h="354" x="-49.718494" y="-64.552834">
   <element name="rat_burrow_base" layername="rat_burrow_base" frame="0" z_index="18" m_a="0.978538" m_b="0.000000" m_c="0.000000" m_d="1.032053" m_tx="0.996008" m_ty="-35.052834"/>
   <element name="rat_burrow_hole" layername="rat_burrow_hole" frame="0" z_index="17" m_a="0.956845" m_b="0.000000" m_c="0.000000" m_d="1.197072" m_tx="-0.218493" m_ty="-18.299990"/>
  </frame>
  <frame idx="50" w="576" h="364" x="-48.414917" y="-65.552834">
   <element name="rat_burrow_base" layername="rat_burrow_base" frame="0" z_index="18" m_a="0.957077" m_b="0.000000" m_c="0.000000" m_d="1.064105" m_tx="0.996008" m_ty="-35.052834"/>
   <element name="rat_burrow_hole" layername="rat_burrow_hole" frame="0" z_index="17" m_a="0.925967" m_b="0.000000" m_c="0.000000" m_d="1.323402" m_tx="-0.414917" m_ty="-18.435116"/>
  </frame>
  <frame idx="75" w="564" h="374" x="-47.598255" y="-66.552834">
   <element name="rat_burrow_base" layername="rat_burrow_base" frame="0" z_index="18" m_a="0.935615" m_b="0.000000" m_c="0.000000" m_d="1.096158" m_tx="0.996008" m_ty="-35.052834"/>
   <element name="rat_burrow_hole" layername="rat_burrow_hole" frame="0" z_index="17" m_a="0.902228" m_b="0.000000" m_c="0.000000" m_d="1.409101" m_tx="-0.598254" m_ty="-18.226412"/>
  </frame>
  <frame idx="100" w="551" h="383" x="-46.777775" y="-67.052834">
   <element name="rat_burrow_base" layername="rat_burrow_base" frame="0" z_index="18" m_a="0.914154" m_b="0.000000" m_c="0.000000" m_d="1.128210" m_tx="0.996008" m_ty="-35.052834"/>
   <element name="rat_burrow_hole" layername="rat_burrow_hole" frame="0" z_index="17" m_a="0.878983" m_b="0.000000" m_c="0.000000" m_d="1.493016" m_tx="-0.777776" m_ty="-18.022051"/>
  </frame>
  <frame idx="125" w="564" h="374" x="-47.825500" y="-66.552834">
   <element name="rat_burrow_base" layername="rat_burrow_base" frame="0" z_index="18" m_a="0.935616" m_b="0.000000" m_c="0.000000" m_d="1.096158" m_tx="0.996008" m_ty="-35.052834"/>
   <element name="rat_burrow_hole" layername="rat_burrow_hole" frame="0" z_index="17" m_a="0.872803" m_b="0.000000" m_c="0.000000" m_d="1.515325" m_tx="-0.825500" m_ty="-17.967722"/>
  </frame>
  <frame idx="150" w="578" h="364" x="-49.325424" y="-65.552834">
   <element name="rat_burrow_base" layername="rat_burrow_base" frame="0" z_index="18" m_a="0.957077" m_b="0.000000" m_c="0.000000" m_d="1.064105" m_tx="0.996008" m_ty="-35.052834"/>
   <element name="rat_burrow_hole" layername="rat_burrow_hole" frame="0" z_index="17" m_a="0.874635" m_b="0.000000" m_c="0.000000" m_d="1.503737" m_tx="-0.825423" m_ty="-17.847746"/>
  </frame>
  <frame idx="175" w="590" h="354" x="-50.111912" y="-64.552834">
   <element name="rat_burrow_base" layername="rat_burrow_base" frame="0" z_index="18" m_a="0.978539" m_b="0.000000" m_c="0.000000" m_d="1.032052" m_tx="0.996008" m_ty="-35.052834"/>
   <element name="rat_burrow_hole" layername="rat_burrow_hole" frame="0" z_index="17" m_a="0.908292" m_b="0.000000" m_c="0.000000" m_d="1.365827" m_tx="-0.611913" m_ty="-17.694731"/>
  </frame>
 </anim>
 <anim name="idle" root="uncompromising_rat_burrow" numframes="400" framerate="40">
  <frame idx="0" w="602" h="345" x="-50.501995" y="-64.052834">
   <element name="rat_burrow_base" layername="rat_burrow_base" frame="0" z_index="18" m_a="1.000000" m_b="0.000000" m_c="0.000000" m_d="1.000000" m_tx="0.996008" m_ty="-35.052834"/>
   <element name="rat_burrow_hole" layername="rat_burrow_hole" frame="0" z_index="17" m_a="1.000000" m_b="0.000000" m_c="0.000000" m_d="1.000000" m_tx="-0.001996" m_ty="-17.549974"/>
  </frame>
  <frame idx="25" w="602" h="345" x="-50.501995" y="-64.052834">
   <element name="rat_burrow_base" layername="rat_burrow_base" frame="0" z_index="18" m_a="1.000000" m_b="0.000000" m_c="0.000000" m_d="1.000000" m_tx="0.996008" m_ty="-35.052834"/>
   <element name="rat_burrow_hole" layername="rat_burrow_hole" frame="0" z_index="17" m_a="1.000000" m_b="0.000000" m_c="0.000000" m_d="1.000000" m_tx="-0.001996" m_ty="-17.549974"/>
  </frame>
  <frame idx="50" w="602" h="345" x="-50.501995" y="-64.052834">
   <element name="rat_burrow_base" layername="rat_burrow_base" frame="0" z_index="18" m_a="1.000000" m_b="0.000000" m_c="0.000000" m_d="1.000000" m_tx="0.996008" m_ty="-35.052834"/>
   <element name="rat_burrow_hole" layername="rat_burrow_hole" frame="0" z_index="17" m_a="1.000000" m_b="0.000000" m_c="0.000000" m_d="1.000000" m_tx="-0.001996" m_ty="-17.549974"/>
  </frame>
  <frame idx="75" w="602" h="345" x="-50.501995" y="-64.052834">
   <element name="rat_burrow_base" layername="rat_burrow_base" frame="0" z_index="18" m_a="1.000000" m_b="0.000000" m_c="0.000000" m_d="1.000000" m_tx="0.996008" m_ty="-35.052834"/>
   <element name="rat_burrow_hole" layername="rat_burrow_hole" frame="0" z_index="17" m_a="1.000000" m_b="0.000000" m_c="0.000000" m_d="1.000000" m_tx="-0.001996" m_ty="-17.549974"/>
  </frame>
  <frame idx="100" w="602" h="345" x="-50.501995" y="-64.052834">
   <element name="rat_burrow_base" layername="rat_burrow_base" frame="0" z_index="18" m_a="1.000000" m_b="0.000000" m_c="0.000000" m_d="1.000000" m_tx="0.996008" m_ty="-35.052834"/>
   <element name="rat_burrow_hole" layername="rat_burrow_hole" frame="0" z_index="17" m_a="1.000000" m_b="0.000000" m_c="0.000000" m_d="1.000000" m_tx="-0.001996" m_ty="-17.549974"/>
  </frame>
  <frame idx="125" w="602" h="345" x="-50.501995" y="-64.052834">
   <element name="rat_burrow_base" layername="rat_burrow_base" frame="0" z_index="18" m_a="1.000000" m_b="0.000000" m_c="0.000000" m_d="1.000000" m_tx="0.996008" m_ty="-35.052834"/>
   <element name="rat_burrow_hole" layername="rat_burrow_hole" frame="0" z_index="17" m_a="1.000000" m_b="0.000000" m_c="0.000000" m_d="1.000000" m_tx="-0.001996" m_ty="-17.549974"/>
  </frame>
  <frame idx="150" w="602" h="345" x="-50.501995" y="-64.052834">
   <element name="rat_burrow_base" layername="rat_burrow_base" frame="0" z_index="18" m_a="1.000000" m_b="0.000000" m_c="0.000000" m_d="1.000000" m_tx="0.996008" m_ty="-35.052834"/>
   <element name="rat_burrow_hole" layername="rat_burrow_hole" frame="0" z_index="17" m_a="1.000000" m_b="0.000000" m_c="0.000000" m_d="1.000000" m_tx="-0.001996" m_ty="-17.549974"/>
  </frame>
  <frame idx="175" w="602" h="345" x="-50.501995" y="-64.052834">
   <element name="rat_burrow_base" layername="rat_burrow_base" frame="0" z_index="18" m_a="1.000000" m_b="0.000000" m_c="0.000000" m_d="1.000000" m_tx="0.996008" m_ty="-35.052834"/>
   <element name="rat_burrow_hole" layername="rat_burrow_hole" frame="0" z_index="17" m_a="1.000000" m_b="0.000000" m_c="0.000000" m_d="1.000000" m_tx="-0.001996" m_ty="-17.549974"/>
  </frame>
  <frame idx="200" w="602" h="345" x="-50.501995" y="-64.052834">
   <element name="rat_burrow_base" layername="rat_burrow_base" frame="0" z_index="18" m_a="1.000000" m_b="0.000000" m_c="0.000000" m_d="1.000000" m_tx="0.996008" m_ty="-35.052834"/>
   <element name="rat_burrow_hole" layername="rat_burrow_hole" frame="0" z_index="17" m_a="1.000000" m_b="0.000000" m_c="0.000000" m_d="1.000000" m_tx="-0.001996" m_ty="-17.549974"/>
  </frame>
  <frame idx="225" w="602" h="345" x="-50.501995" y="-64.052834">
   <element name="rat_burrow_base" layername="rat_burrow_base" frame="0" z_index="18" m_a="1.000000" m_b="0.000000" m_c="0.000000" m_d="1.000000" m_tx="0.996008" m_ty="-35.052834"/>
   <element name="rat_burrow_hole" layername="rat_burrow_hole" frame="0" z_index="17" m_a="1.000000" m_b="0.000000" m_c="0.000000" m_d="1.000000" m_tx="-0.001996" m_ty="-17.549974"/>
  </frame>
  <frame idx="250" w="602" h="345" x="-50.501995" y="-64.052834">
   <element name="rat_burrow_base" layername="rat_burrow_base" frame="0" z_index="18" m_a="1.000000" m_b="0.000000" m_c="0.000000" m_d="1.000000" m_tx="0.996008" m_ty="-35.052834"/>
   <element name="rat_burrow_hole" layername="rat_burrow_hole" frame="0" z_index="17" m_a="1.000000" m_b="0.000000" m_c="0.000000" m_d="1.000000" m_tx="-0.001996" m_ty="-17.549974"/>
  </frame>
  <frame idx="275" w="602" h="345" x="-50.501995" y="-64.052834">
   <element name="rat_burrow_base" layername="rat_burrow_base" frame="0" z_index="18" m_a="1.000000" m_b="0.000000" m_c="0.000000" m_d="1.000000" m_tx="0.996008" m_ty="-35.052834"/>
   <element name="rat_burrow_hole" layername="rat_burrow_hole" frame="0" z_index="17" m_a="1.000000" m_b="0.000000" m_c="0.000000" m_d="1.000000" m_tx="-0.001996" m_ty="-17.549974"/>
  </frame>
  <frame idx="300" w="602" h="345" x="-50.501995" y="-64.052834">
   <element name="rat_burrow_base" layername="rat_burrow_base" frame="0" z_index="18" m_a="1.000000" m_b="0.000000" m_c="0.000000" m_d="1.000000" m_tx="0.996008" m_ty="-35.052834"/>
   <element name="rat_burrow_hole" layername="rat_burrow_hole" frame="0" z_index="17" m_a="1.000000" m_b="0.000000" m_c="0.000000" m_d="1.000000" m_tx="-0.001996" m_ty="-17.549974"/>
  </frame>
  <frame idx="325" w="602" h="345" x="-50.501995" y="-64.052834">
   <element name="rat_burrow_base" layername="rat_burrow_base" frame="0" z_index="18" m_a="1.000000" m_b="0.000000" m_c="0.000000" m_d="1.000000" m_tx="0.996008" m_ty="-35.052834"/>
   <element name="rat_burrow_hole" layername="rat_burrow_hole" frame="0" z_index="17" m_a="1.000000" m_b="0.000000" m_c="0.000000" m_d="1.000000" m_tx="-0.001996" m_ty="-17.549974"/>
  </frame>
  <frame idx="350" w="602" h="345" x="-50.501995" y="-64.052834">
   <element name="rat_burrow_base" layername="rat_burrow_base" frame="0" z_index="18" m_a="1.000000" m_b="0.000000" m_c="0.000000" m_d="1.000000" m_tx="0.996008" m_ty="-35.052834"/>
   <element name="rat_burrow_hole" layername="rat_burrow_hole" frame="0" z_index="17" m_a="1.000000" m_b="0.000000" m_c="0.000000" m_d="1.000000" m_tx="-0.001996" m_ty="-17.549974"/>
  </frame>
  <frame idx="375" w="602" h="345" x="-50.501995" y="-64.052834">
   <element name="rat_burrow_base" layername="rat_burrow_base" frame="0" z_index="18" m_a="1.000000" m_b="0.000000" m_c="0.000000" m_d="1.000000" m_tx="0.996008" m_ty="-35.052834"/>
   <element name="rat_burrow_hole" layername="rat_burrow_hole" frame="0" z_index="17" m_a="1.000000" m_b="0.000000" m_c="0.000000" m_d="1.000000" m_tx="-0.001996" m_ty="-17.549974"/>
  </frame>
 </anim>
 <anim name="idle_eyes_pre" root="uncompromising_rat_burrow" numframes="400" framerate="40">
  <frame idx="0" w="603" h="345" x="-51.263359" y="-64.052834">
   <element name="rat_burrow_base" layername="rat_burrow_base" frame="0" z_index="18" m_a="1.000000" m_b="0.000000" m_c="0.000000" m_d="1.000000" m_tx="0.996008" m_ty="-35.052834"/>
   <element name="rat_burrow_hole" layername="rat_burrow_hole" frame="0" z_index="17" m_a="1.000000" m_b="0.000000" m_c="0.000000" m_d="1.000000" m_tx="-0.001996" m_ty="-17.549974"/>
   <element name="rat_burrow_eyes" layername="rat_burrow_eyes-2" frame="2" z_index="16" m_a="1.000000" m_b="0.000000" m_c="0.000000" m_d="1.000000" m_tx="-0.763359" m_ty="-12.977099"/>
  </frame>
  <frame idx="25" w="603" h="345" x="-51.263359" y="-64.052834">
   <element name="rat_burrow_base" layername="rat_burrow_base" frame="0" z_index="18" m_a="1.000000" m_b="0.000000" m_c="0.000000" m_d="1.000000" m_tx="0.996008" m_ty="-35.052834"/>
   <element name="rat_burrow_hole" layername="rat_burrow_hole" frame="0" z_index="17" m_a="1.000000" m_b="0.000000" m_c="0.000000" m_d="1.000000" m_tx="-0.001996" m_ty="-17.549974"/>
   <element name="rat_burrow_eyes" layername="rat_burrow_eyes-2" frame="2" z_index="16" m_a="1.000000" m_b="0.000000" m_c="0.000000" m_d="1.000000" m_tx="-0.763359" m_ty="-12.977099"/>
  </frame>
  <frame idx="50" w="603" h="345" x="-51.263359" y="-64.052834">
   <element name="rat_burrow_base" layername="rat_burrow_base" frame="0" z_index="18" m_a="1.000000" m_b="0.000000" m_c="0.000000" m_d="1.000000" m_tx="0.996008" m_ty="-35.052834"/>
   <element name="rat_burrow_hole" layername="rat_burrow_hole" frame="0" z_index="17" m_a="1.000000" m_b="0.000000" m_c="0.000000" m_d="1.000000" m_tx="-0.001996" m_ty="-17.549974"/>
   <element name="rat_burrow_eyes" layername="rat_burrow_eyes-2" frame="1" z_index="16" m_a="1.000000" m_b="0.000000" m_c="0.000000" m_d="1.000000" m_tx="-0.763359" m_ty="-12.977099"/>
  </frame>
  <frame idx="75" w="603" h="345" x="-51.263359" y="-64.052834">
   <element name="rat_burrow_base" layername="rat_burrow_base" frame="0" z_index="18" m_a="1.000000" m_b="0.000000" m_c="0.000000" m_d="1.000000" m_tx="0.996008" m_ty="-35.052834"/>
   <element name="rat_burrow_hole" layername="rat_burrow_hole" frame="0" z_index="17" m_a="1.000000" m_b="0.000000" m_c="0.000000" m_d="1.000000" m_tx="-0.001996" m_ty="-17.549974"/>
   <element name="rat_burrow_eyes" layername="rat_burrow_eyes-2" frame="0" z_index="16" m_a="1.000000" m_b="0.000000" m_c="0.000000" m_d="1.000000" m_tx="-0.763359" m_ty="-12.977099"/>
  </frame>
  <frame idx="100" w="603" h="345" x="-51.263359" y="-64.052834">
   <element name="rat_burrow_base" layername="rat_burrow_base" frame="0" z_index="18" m_a="1.000000" m_b="0.000000" m_c="0.000000" m_d="1.000000" m_tx="0.996008" m_ty="-35.052834"/>
   <element name="rat_burrow_hole" layername="rat_burrow_hole" frame="0" z_index="17" m_a="1.000000" m_b="0.000000" m_c="0.000000" m_d="1.000000" m_tx="-0.001996" m_ty="-17.549974"/>
   <element name="rat_burrow_eyes" layername="rat_burrow_eyes-2" frame="0" z_index="16" m_a="1.000000" m_b="0.000000" m_c="0.000000" m_d="1.000000" m_tx="-0.763359" m_ty="-12.977099"/>
  </frame>
  <frame idx="125" w="603" h="345" x="-51.263359" y="-64.052834">
   <element name="rat_burrow_base" layername="rat_burrow_base" frame="0" z_index="18" m_a="1.000000" m_b="0.000000" m_c="0.000000" m_d="1.000000" m_tx="0.996008" m_ty="-35.052834"/>
   <element name="rat_burrow_hole" layername="rat_burrow_hole" frame="0" z_index="17" m_a="1.000000" m_b="0.000000" m_c="0.000000" m_d="1.000000" m_tx="-0.001996" m_ty="-17.549974"/>
   <element name="rat_burrow_eyes" layername="rat_burrow_eyes-2" frame="0" z_index="16" m_a="1.000000" m_b="0.000000" m_c="0.000000" m_d="1.000000" m_tx="-0.763359" m_ty="-12.977099"/>
  </frame>
  <frame idx="150" w="603" h="345" x="-51.263359" y="-64.052834">
   <element name="rat_burrow_base" layername="rat_burrow_base" frame="0" z_index="18" m_a="1.000000" m_b="0.000000" m_c="0.000000" m_d="1.000000" m_tx="0.996008" m_ty="-35.052834"/>
   <element name="rat_burrow_hole" layername="rat_burrow_hole" frame="0" z_index="17" m_a="1.000000" m_b="0.000000" m_c="0.000000" m_d="1.000000" m_tx="-0.001996" m_ty="-17.549974"/>
   <element name="rat_burrow_eyes" layername="rat_burrow_eyes-2" frame="0" z_index="16" m_a="1.000000" m_b="0.000000" m_c="0.000000" m_d="1.000000" m_tx="-0.763359" m_ty="-12.977099"/>
  </frame>
  <frame idx="175" w="603" h="345" x="-51.263359" y="-64.052834">
   <element name="rat_burrow_base" layername="rat_burrow_base" frame="0" z_index="18" m_a="1.000000" m_b="0.000000" m_c="0.000000" m_d="1.000000" m_tx="0.996008" m_ty="-35.052834"/>
   <element name="rat_burrow_hole" layername="rat_burrow_hole" frame="0" z_index="17" m_a="1.000000" m_b="0.000000" m_c="0.000000" m_d="1.000000" m_tx="-0.001996" m_ty="-17.549974"/>
   <element name="rat_burrow_eyes" layername="rat_burrow_eyes-2" frame="0" z_index="16" m_a="1.000000" m_b="0.000000" m_c="0.000000" m_d="1.000000" m_tx="-0.763359" m_ty="-12.977099"/>
  </frame>
  <frame idx="200" w="603" h="345" x="-51.263359" y="-64.052834">
   <element name="rat_burrow_base" layername="rat_burrow_base" frame="0" z_index="18" m_a="1.000000" m_b="0.000000" m_c="0.000000" m_d="1.000000" m_tx="0.996008" m_ty="-35.052834"/>
   <element name="rat_burrow_hole" layername="rat_burrow_hole" frame="0" z_index="17" m_a="1.000000" m_b="0.000000" m_c="0.000000" m_d="1.000000" m_tx="-0.001996" m_ty="-17.549974"/>
   <element name="rat_burrow_eyes" layername="rat_burrow_eyes-2" frame="0" z_index="16" m_a="1.000000" m_b="0.000000" m_c="0.000000" m_d="1.000000" m_tx="-0.763359" m_ty="-12.977099"/>
  </frame>
  <frame idx="225" w="603" h="345" x="-51.263359" y="-64.052834">
   <element name="rat_burrow_base" layername="rat_burrow_base" frame="0" z_index="18" m_a="1.000000" m_b="0.000000" m_c="0.000000" m_d="1.000000" m_tx="0.996008" m_ty="-35.052834"/>
   <element name="rat_burrow_hole" layername="rat_burrow_hole" frame="0" z_index="17" m_a="1.000000" m_b="0.000000" m_c="0.000000" m_d="1.000000" m_tx="-0.001996" m_ty="-17.549974"/>
   <element name="rat_burrow_eyes" layername="rat_burrow_eyes-2" frame="0" z_index="16" m_a="1.000000" m_b="0.000000" m_c="0.000000" m_d="1.000000" m_tx="-0.763359" m_ty="-12.977099"/>
  </frame>
  <frame idx="250" w="603" h="345" x="-51.263359" y="-64.052834">
   <element name="rat_burrow_base" layername="rat_burrow_base" frame="0" z_index="18" m_a="1.000000" m_b="0.000000" m_c="0.000000" m_d="1.000000" m_tx="0.996008" m_ty="-35.052834"/>
   <element name="rat_burrow_hole" layername="rat_burrow_hole" frame="0" z_index="17" m_a="1.000000" m_b="0.000000" m_c="0.000000" m_d="1.000000" m_tx="-0.001996" m_ty="-17.549974"/>
   <element name="rat_burrow_eyes" layername="rat_burrow_eyes-2" frame="0" z_index="16" m_a="1.000000" m_b="0.000000" m_c="0.000000" m_d="1.000000" m_tx="-0.763359" m_ty="-12.977099"/>
  </frame>
  <frame idx="275" w="603" h="345" x="-51.263359" y="-64.052834">
   <element name="rat_burrow_base" layername="rat_burrow_base" frame="0" z_index="18" m_a="1.000000" m_b="0.000000" m_c="0.000000" m_d="1.000000" m_tx="0.996008" m_ty="-35.052834"/>
   <element name="rat_burrow_hole" layername="rat_burrow_hole" frame="0" z_index="17" m_a="1.000000" m_b="0.000000" m_c="0.000000" m_d="1.000000" m_tx="-0.001996" m_ty="-17.549974"/>
   <element name="rat_burrow_eyes" layername="rat_burrow_eyes-2" frame="0" z_index="16" m_a="1.000000" m_b="0.000000" m_c="0.000000" m_d="1.000000" m_tx="-0.763359" m_ty="-12.977099"/>
  </frame>
  <frame idx="300" w="603" h="345" x="-51.263359" y="-64.052834">
   <element name="rat_burrow_base" layername="rat_burrow_base" frame="0" z_index="18" m_a="1.000000" m_b="0.000000" m_c="0.000000" m_d="1.000000" m_tx="0.996008" m_ty="-35.052834"/>
   <element name="rat_burrow_hole" layername="rat_burrow_hole" frame="0" z_index="17" m_a="1.000000" m_b="0.000000" m_c="0.000000" m_d="1.000000" m_tx="-0.001996" m_ty="-17.549974"/>
   <element name="rat_burrow_eyes" layername="rat_burrow_eyes-2" frame="0" z_index="16" m_a="1.000000" m_b="0.000000" m_c="0.000000" m_d="1.000000" m_tx="-0.763359" m_ty="-12.977099"/>
  </frame>
  <frame idx="325" w="603" h="345" x="-51.263359" y="-64.052834">
   <element name="rat_burrow_base" layername="rat_burrow_base" frame="0" z_index="18" m_a="1.000000" m_b="0.000000" m_c="0.000000" m_d="1.000000" m_tx="0.996008" m_ty="-35.052834"/>
   <element name="rat_burrow_hole" layername="rat_burrow_hole" frame="0" z_index="17" m_a="1.000000" m_b="0.000000" m_c="0.000000" m_d="1.000000" m_tx="-0.001996" m_ty="-17.549974"/>
   <element name="rat_burrow_eyes" layername="rat_burrow_eyes-2" frame="0" z_index="16" m_a="1.000000" m_b="0.000000" m_c="0.000000" m_d="1.000000" m_tx="-0.763359" m_ty="-12.977099"/>
  </frame>
  <frame idx="350" w="603" h="345" x="-51.263359" y="-64.052834">
   <element name="rat_burrow_base" layername="rat_burrow_base" frame="0" z_index="18" m_a="1.000000" m_b="0.000000" m_c="0.000000" m_d="1.000000" m_tx="0.996008" m_ty="-35.052834"/>
   <element name="rat_burrow_hole" layername="rat_burrow_hole" frame="0" z_index="17" m_a="1.000000" m_b="0.000000" m_c="0.000000" m_d="1.000000" m_tx="-0.001996" m_ty="-17.549974"/>
   <element name="rat_burrow_eyes" layername="rat_burrow_eyes-2" frame="0" z_index="16" m_a="1.000000" m_b="0.000000" m_c="0.000000" m_d="1.000000" m_tx="-0.763359" m_ty="-12.977099"/>
  </frame>
  <frame idx="375" w="603" h="345" x="-51.263359" y="-64.052834">
   <element name="rat_burrow_base" layername="rat_burrow_base" frame="0" z_index="18" m_a="1.000000" m_b="0.000000" m_c="0.000000" m_d="1.000000" m_tx="0.996008" m_ty="-35.052834"/>
   <element name="rat_burrow_hole" layername="rat_burrow_hole" frame="0" z_index="17" m_a="1.000000" m_b="0.000000" m_c="0.000000" m_d="1.000000" m_tx="-0.001996" m_ty="-17.549974"/>
   <element name="rat_burrow_eyes" layername="rat_burrow_eyes-2" frame="0" z_index="16" m_a="1.000000" m_b="0.000000" m_c="0.000000" m_d="1.000000" m_tx="-0.763359" m_ty="-12.977099"/>
  </frame>
 </anim>
 <anim name="idle_eyes_loop" root="uncompromising_rat_burrow" numframes="400" framerate="40">
  <frame idx="0" w="603" h="345" x="-51.263359" y="-64.052834">
   <element name="rat_burrow_base" layername="rat_burrow_base" frame="0" z_index="18" m_a="1.000000" m_b="0.000000" m_c="0.000000" m_d="1.000000" m_tx="0.996008" m_ty="-35.052834"/>
   <element name="rat_burrow_hole" layername="rat_burrow_hole" frame="0" z_index="17" m_a="1.000000" m_b="0.000000" m_c="0.000000" m_d="1.000000" m_tx="-0.001996" m_ty="-17.549974"/>
   <element name="rat_burrow_eyes" layername="rat_burrow_eyes-2" frame="0" z_index="16" m_a="1.000000" m_b="0.000000" m_c="0.000000" m_d="1.000000" m_tx="-0.763359" m_ty="-12.977099"/>
  </frame>
  <frame idx="25" w="603" h="345" x="-51.263359" y="-64.052834">
   <element name="rat_burrow_base" layername="rat_burrow_base" frame="0" z_index="18" m_a="1.000000" m_b="0.000000" m_c="0.000000" m_d="1.000000" m_tx="0.996008" m_ty="-35.052834"/>
   <element name="rat_burrow_hole" layername="rat_burrow_hole" frame="0" z_index="17" m_a="1.000000" m_b="0.000000" m_c="0.000000" m_d="1.000000" m_tx="-0.001996" m_ty="-17.549974"/>
   <element name="rat_burrow_eyes" layername="rat_burrow_eyes-2" frame="0" z_index="16" m_a="1.000000" m_b="0.000000" m_c="0.000000" m_d="1.000000" m_tx="-0.763359" m_ty="-12.977099"/>
  </frame>
  <frame idx="50" w="603" h="345" x="-51.263359" y="-64.052834">
   <element name="rat_burrow_base" layername="rat_burrow_base" frame="0" z_index="18" m_a="1.000000" m_b="0.000000" m_c="0.000000" m_d="1.000000" m_tx="0.996008" m_ty="-35.052834"/>
   <element name="rat_burrow_hole" layername="rat_burrow_hole" frame="0" z_index="17" m_a="1.000000" m_b="0.000000" m_c="0.000000" m_d="1.000000" m_tx="-0.001996" m_ty="-17.549974"/>
   <element name="rat_burrow_eyes" layername="rat_burrow_eyes-2" frame="0" z_index="16" m_a="1.000000" m_b="0.000000" m_c="0.000000" m_d="1.000000" m_tx="-0.763359" m_ty="-12.977099"/>
  </frame>
  <frame idx="75" w="603" h="345" x="-51.263359" y="-64.052834">
   <element name="rat_burrow_base" layername="rat_burrow_base" frame="0" z_index="18" m_a="1.000000" m_b="0.000000" m_c="0.000000" m_d="1.000000" m_tx="0.996008" m_ty="-35.052834"/>
   <element name="rat_burrow_hole" layername="rat_burrow_hole" frame="0" z_index="17" m_a="1.000000" m_b="0.000000" m_c="0.000000" m_d="1.000000" m_tx="-0.001996" m_ty="-17.549974"/>
   <element name="rat_burrow_eyes" layername="rat_burrow_eyes-2" frame="0" z_index="16" m_a="1.000000" m_b="0.000000" m_c="0.000000" m_d="1.000000" m_tx="-0.763359" m_ty="-12.977099"/>
  </frame>
  <frame idx="100" w="603" h="345" x="-51.263359" y="-64.052834">
   <element name="rat_burrow_base" layername="rat_burrow_base" frame="0" z_index="18" m_a="1.000000" m_b="0.000000" m_c="0.000000" m_d="1.000000" m_tx="0.996008" m_ty="-35.052834"/>
   <element name="rat_burrow_hole" layername="rat_burrow_hole" frame="0" z_index="17" m_a="1.000000" m_b="0.000000" m_c="0.000000" m_d="1.000000" m_tx="-0.001996" m_ty="-17.549974"/>
   <element name="rat_burrow_eyes" layername="rat_burrow_eyes-2" frame="0" z_index="16" m_a="1.000000" m_b="0.000000" m_c="0.000000" m_d="1.000000" m_tx="-0.763359" m_ty="-12.977099"/>
  </frame>
  <frame idx="125" w="603" h="345" x="-51.263359" y="-64.052834">
   <element name="rat_burrow_base" layername="rat_burrow_base" frame="0" z_index="18" m_a="1.000000" m_b="0.000000" m_c="0.000000" m_d="1.000000" m_tx="0.996008" m_ty="-35.052834"/>
   <element name="rat_burrow_hole" layername="rat_burrow_hole" frame="0" z_index="17" m_a="1.000000" m_b="0.000000" m_c="0.000000" m_d="1.000000" m_tx="-0.001996" m_ty="-17.549974"/>
   <element name="rat_burrow_eyes" layername="rat_burrow_eyes-2" frame="0" z_index="16" m_a="1.000000" m_b="0.000000" m_c="0.000000" m_d="1.000000" m_tx="-0.763359" m_ty="-12.977099"/>
  </frame>
  <frame idx="150" w="603" h="345" x="-51.263359" y="-64.052834">
   <element name="rat_burrow_base" layername="rat_burrow_base" frame="0" z_index="18" m_a="1.000000" m_b="0.000000" m_c="0.000000" m_d="1.000000" m_tx="0.996008" m_ty="-35.052834"/>
   <element name="rat_burrow_hole" layername="rat_burrow_hole" frame="0" z_index="17" m_a="1.000000" m_b="0.000000" m_c="0.000000" m_d="1.000000" m_tx="-0.001996" m_ty="-17.549974"/>
   <element name="rat_burrow_eyes" layername="rat_burrow_eyes-2" frame="0" z_index="16" m_a="1.000000" m_b="0.000000" m_c="0.000000" m_d="1.000000" m_tx="-0.763359" m_ty="-12.977099"/>
  </frame>
  <frame idx="175" w="603" h="345" x="-51.263359" y="-64.052834">
   <element name="rat_burrow_base" layername="rat_burrow_base" frame="0" z_index="18" m_a="1.000000" m_b="0.000000" m_c="0.000000" m_d="1.000000" m_tx="0.996008" m_ty="-35.052834"/>
   <element name="rat_burrow_hole" layername="rat_burrow_hole" frame="0" z_index="17" m_a="1.000000" m_b="0.000000" m_c="0.000000" m_d="1.000000" m_tx="-0.001996" m_ty="-17.549974"/>
   <element name="rat_burrow_eyes" layername="rat_burrow_eyes-2" frame="0" z_index="16" m_a="1.000000" m_b="0.000000" m_c="0.000000" m_d="1.000000" m_tx="-0.763359" m_ty="-12.977099"/>
  </frame>
  <frame idx="200" w="603" h="345" x="-51.263359" y="-64.052834">
   <element name="rat_burrow_base" layername="rat_burrow_base" frame="0" z_index="18" m_a="1.000000" m_b="0.000000" m_c="0.000000" m_d="1.000000" m_tx="0.996008" m_ty="-35.052834"/>
   <element name="rat_burrow_hole" layername="rat_burrow_hole" frame="0" z_index="17" m_a="1.000000" m_b="0.000000" m_c="0.000000" m_d="1.000000" m_tx="-0.001996" m_ty="-17.549974"/>
   <element name="rat_burrow_eyes" layername="rat_burrow_eyes-2" frame="0" z_index="16" m_a="1.000000" m_b="0.000000" m_c="0.000000" m_d="1.000000" m_tx="-0.763359" m_ty="-12.977099"/>
  </frame>
  <frame idx="225" w="603" h="345" x="-51.263359" y="-64.052834">
   <element name="rat_burrow_base" layername="rat_burrow_base" frame="0" z_index="18" m_a="1.000000" m_b="0.000000" m_c="0.000000" m_d="1.000000" m_tx="0.996008" m_ty="-35.052834"/>
   <element name="rat_burrow_hole" layername="rat_burrow_hole" frame="0" z_index="17" m_a="1.000000" m_b="0.000000" m_c="0.000000" m_d="1.000000" m_tx="-0.001996" m_ty="-17.549974"/>
   <element name="rat_burrow_eyes" layername="rat_burrow_eyes-2" frame="0" z_index="16" m_a="1.000000" m_b="0.000000" m_c="0.000000" m_d="1.000000" m_tx="-0.763359" m_ty="-12.977099"/>
  </frame>
  <frame idx="250" w="603" h="345" x="-51.263359" y="-64.052834">
   <element name="rat_burrow_base" layername="rat_burrow_base" frame="0" z_index="18" m_a="1.000000" m_b="0.000000" m_c="0.000000" m_d="1.000000" m_tx="0.996008" m_ty="-35.052834"/>
   <element name="rat_burrow_hole" layername="rat_burrow_hole" frame="0" z_index="17" m_a="1.000000" m_b="0.000000" m_c="0.000000" m_d="1.000000" m_tx="-0.001996" m_ty="-17.549974"/>
   <element name="rat_burrow_eyes" layername="rat_burrow_eyes-2" frame="0" z_index="16" m_a="1.000000" m_b="0.000000" m_c="0.000000" m_d="1.000000" m_tx="-0.763359" m_ty="-12.977099"/>
  </frame>
  <frame idx="275" w="603" h="345" x="-51.263359" y="-64.052834">
   <element name="rat_burrow_base" layername="rat_burrow_base" frame="0" z_index="18" m_a="1.000000" m_b="0.000000" m_c="0.000000" m_d="1.000000" m_tx="0.996008" m_ty="-35.052834"/>
   <element name="rat_burrow_hole" layername="rat_burrow_hole" frame="0" z_index="17" m_a="1.000000" m_b="0.000000" m_c="0.000000" m_d="1.000000" m_tx="-0.001996" m_ty="-17.549974"/>
   <element name="rat_burrow_eyes" layername="rat_burrow_eyes-2" frame="0" z_index="16" m_a="1.000000" m_b="0.000000" m_c="0.000000" m_d="1.000000" m_tx="-0.763359" m_ty="-12.977099"/>
  </frame>
  <frame idx="300" w="603" h="345" x="-51.263359" y="-64.052834">
   <element name="rat_burrow_base" layername="rat_burrow_base" frame="0" z_index="18" m_a="1.000000" m_b="0.000000" m_c="0.000000" m_d="1.000000" m_tx="0.996008" m_ty="-35.052834"/>
   <element name="rat_burrow_hole" layername="rat_burrow_hole" frame="0" z_index="17" m_a="1.000000" m_b="0.000000" m_c="0.000000" m_d="1.000000" m_tx="-0.001996" m_ty="-17.549974"/>
   <element name="rat_burrow_eyes" layername="rat_burrow_eyes-2" frame="0" z_index="16" m_a="1.000000" m_b="0.000000" m_c="0.000000" m_d="1.000000" m_tx="-0.763359" m_ty="-12.977099"/>
  </frame>
  <frame idx="325" w="603" h="345" x="-51.263359" y="-64.052834">
   <element name="rat_burrow_base" layername="rat_burrow_base" frame="0" z_index="18" m_a="1.000000" m_b="0.000000" m_c="0.000000" m_d="1.000000" m_tx="0.996008" m_ty="-35.052834"/>
   <element name="rat_burrow_hole" layername="rat_burrow_hole" frame="0" z_index="17" m_a="1.000000" m_b="0.000000" m_c="0.000000" m_d="1.000000" m_tx="-0.001996" m_ty="-17.549974"/>
   <element name="rat_burrow_eyes" layername="rat_burrow_eyes-2" frame="0" z_index="16" m_a="1.000000" m_b="0.000000" m_c="0.000000" m_d="1.000000" m_tx="-0.763359" m_ty="-12.977099"/>
  </frame>
  <frame idx="350" w="603" h="345" x="-51.263359" y="-64.052834">
   <element name="rat_burrow_base" layername="rat_burrow_base" frame="0" z_index="18" m_a="1.000000" m_b="0.000000" m_c="0.000000" m_d="1.000000" m_tx="0.996008" m_ty="-35.052834"/>
   <element name="rat_burrow_hole" layername="rat_burrow_hole" frame="0" z_index="17" m_a="1.000000" m_b="0.000000" m_c="0.000000" m_d="1.000000" m_tx="-0.001996" m_ty="-17.549974"/>
   <element name="rat_burrow_eyes" layername="rat_burrow_eyes-2" frame="0" z_index="16" m_a="1.000000" m_b="0.000000" m_c="0.000000" m_d="1.000000" m_tx="-0.763359" m_ty="-12.977099"/>
  </frame>
  <frame idx="375" w="603" h="345" x="-51.263359" y="-64.052834">
   <element name="rat_burrow_base" layername="rat_burrow_base" frame="0" z_index="18" m_a="1.000000" m_b="0.000000" m_c="0.000000" m_d="1.000000" m_tx="0.996008" m_ty="-35.052834"/>
   <element name="rat_burrow_hole" layername="rat_burrow_hole" frame="0" z_index="17" m_a="1.000000" m_b="0.000000" m_c="0.000000" m_d="1.000000" m_tx="-0.001996" m_ty="-17.549974"/>
   <element name="rat_burrow_eyes" layername="rat_burrow_eyes-2" frame="0" z_index="16" m_a="1.000000" m_b="0.000000" m_c="0.000000" m_d="1.000000" m_tx="-0.763359" m_ty="-12.977099"/>
  </frame>
 </anim>
 <anim name="idle_eyes_pst" root="uncompromising_rat_burrow" numframes="400" framerate="40">
  <frame idx="0" w="603" h="345" x="-51.263359" y="-64.052834">
   <element name="rat_burrow_base" layername="rat_burrow_base" frame="0" z_index="18" m_a="1.000000" m_b="0.000000" m_c="0.000000" m_d="1.000000" m_tx="0.996008" m_ty="-35.052834"/>
   <element name="rat_burrow_hole" layername="rat_burrow_hole" frame="0" z_index="17" m_a="1.000000" m_b="0.000000" m_c="0.000000" m_d="1.000000" m_tx="-0.001996" m_ty="-17.549974"/>
   <element name="rat_burrow_eyes" layername="rat_burrow_eyes-2" frame="0" z_index="16" m_a="1.000000" m_b="0.000000" m_c="0.000000" m_d="1.000000" m_tx="-0.763359" m_ty="-12.977099"/>
  </frame>
  <frame idx="25" w="603" h="345" x="-51.263359" y="-64.052834">
   <element name="rat_burrow_base" layername="rat_burrow_base" frame="0" z_index="18" m_a="1.000000" m_b="0.000000" m_c="0.000000" m_d="1.000000" m_tx="0.996008" m_ty="-35.052834"/>
   <element name="rat_burrow_hole" layername="rat_burrow_hole" frame="0" z_index="17" m_a="1.000000" m_b="0.000000" m_c="0.000000" m_d="1.000000" m_tx="-0.001996" m_ty="-17.549974"/>
   <element name="rat_burrow_eyes" layername="rat_burrow_eyes-2" frame="0" z_index="16" m_a="1.000000" m_b="0.000000" m_c="0.000000" m_d="1.000000" m_tx="-0.763359" m_ty="-12.977099"/>
  </frame>
  <frame idx="50" w="603" h="345" x="-51.263359" y="-64.052834">
   <element name="rat_burrow_base" layername="rat_burrow_base" frame="0" z_index="18" m_a="1.000000" m_b="0.000000" m_c="0.000000" m_d="1.000000" m_tx="0.996008" m_ty="-35.052834"/>
   <element name="rat_burrow_hole" layername="rat_burrow_hole" frame="0" z_index="17" m_a="1.000000" m_b="0.000000" m_c="0.000000" m_d="1.000000" m_tx="-0.001996" m_ty="-17.549974"/>
   <element name="rat_burrow_eyes" layername="rat_burrow_eyes-2" frame="0" z_index="16" m_a="1.000000" m_b="0.000000" m_c="0.000000" m_d="1.000000" m_tx="-0.763359" m_ty="-12.977099"/>
  </frame>
  <frame idx="75" w="603" h="345" x="-51.263359" y="-64.052834">
   <element name="rat_burrow_base" layername="rat_burrow_base" frame="0" z_index="18" m_a="1.000000" m_b="0.000000" m_c="0.000000" m_d="1.000000" m_tx="0.996008" m_ty="-35.052834"/>
   <element name="rat_burrow_hole" layername="rat_burrow_hole" frame="0" z_index="17" m_a="1.000000" m_b="0.000000" m_c="0.000000" m_d="1.000000" m_tx="-0.001996" m_ty="-17.549974"/>
   <element name="rat_burrow_eyes" layername="rat_burrow_eyes-2" frame="0" z_index="16" m_a="1.000000" m_b="0.000000" m_c="0.000000" m_d="1.000000" m_tx="-0.763359" m_ty="-12.977099"/>
  </frame>
  <frame idx="100" w="603" h="345" x="-51.263359" y="-64.052834">
   <element name="rat_burrow_base" layername="rat_burrow_base" frame="0" z_index="18" m_a="1.000000" m_b="0.000000" m_c="0.000000" m_d="1.000000" m_tx="0.996008" m_ty="-35.052834"/>
   <element name="rat_burrow_hole" layername="rat_burrow_hole" frame="0" z_index="17" m_a="1.000000" m_b="0.000000" m_c="0.000000" m_d="1.000000" m_tx="-0.001996" m_ty="-17.549974"/>
   <element name="rat_burrow_eyes" layername="rat_burrow_eyes-2" frame="0" z_index="16" m_a="1.000000" m_b="0.000000" m_c="0.000000" m_d="1.000000" m_tx="-0.763359" m_ty="-12.977099"/>
  </frame>
  <frame idx="125" w="603" h="345" x="-51.263359" y="-64.052834">
   <element name="rat_burrow_base" layername="rat_burrow_base" frame="0" z_index="18" m_a="1.000000" m_b="0.000000" m_c="0.000000" m_d="1.000000" m_tx="0.996008" m_ty="-35.052834"/>
   <element name="rat_burrow_hole" layername="rat_burrow_hole" frame="0" z_index="17" m_a="1.000000" m_b="0.000000" m_c="0.000000" m_d="1.000000" m_tx="-0.001996" m_ty="-17.549974"/>
   <element name="rat_burrow_eyes" layername="rat_burrow_eyes-2" frame="0" z_index="16" m_a="1.000000" m_b="0.000000" m_c="0.000000" m_d="1.000000" m_tx="-0.763359" m_ty="-12.977099"/>
  </frame>
  <frame idx="150" w="603" h="345" x="-51.263359" y="-64.052834">
   <element name="rat_burrow_base" layername="rat_burrow_base" frame="0" z_index="18" m_a="1.000000" m_b="0.000000" m_c="0.000000" m_d="1.000000" m_tx="0.996008" m_ty="-35.052834"/>
   <element name="rat_burrow_hole" layername="rat_burrow_hole" frame="0" z_index="17" m_a="1.000000" m_b="0.000000" m_c="0.000000" m_d="1.000000" m_tx="-0.001996" m_ty="-17.549974"/>
   <element name="rat_burrow_eyes" layername="rat_burrow_eyes-2" frame="0" z_index="16" m_a="1.000000" m_b="0.000000" m_c="0.000000" m_d="1.000000" m_tx="-0.763359" m_ty="-12.977099"/>
  </frame>
  <frame idx="175" w="603" h="345" x="-51.263359" y="-64.052834">
   <element name="rat_burrow_base" layername="rat_burrow_base" frame="0" z_index="18" m_a="1.000000" m_b="0.000000" m_c="0.000000" m_d="1.000000" m_tx="0.996008" m_ty="-35.052834"/>
   <element name="rat_burrow_hole" layername="rat_burrow_hole" frame="0" z_index="17" m_a="1.000000" m_b="0.000000" m_c="0.000000" m_d="1.000000" m_tx="-0.001996" m_ty="-17.549974"/>
   <element name="rat_burrow_eyes" layername="rat_burrow_eyes-2" frame="0" z_index="16" m_a="1.000000" m_b="0.000000" m_c="0.000000" m_d="1.000000" m_tx="-0.763359" m_ty="-12.977099"/>
  </frame>
  <frame idx="200" w="603" h="345" x="-51.263359" y="-64.052834">
   <element name="rat_burrow_base" layername="rat_burrow_base" frame="0" z_index="18" m_a="1.000000" m_b="0.000000" m_c="0.000000" m_d="1.000000" m_tx="0.996008" m_ty="-35.052834"/>
   <element name="rat_burrow_hole" layername="rat_burrow_hole" frame="0" z_index="17" m_a="1.000000" m_b="0.000000" m_c="0.000000" m_d="1.000000" m_tx="-0.001996" m_ty="-17.549974"/>
   <element name="rat_burrow_eyes" layername="rat_burrow_eyes-2" frame="0" z_index="16" m_a="1.000000" m_b="0.000000" m_c="0.000000" m_d="1.000000" m_tx="-0.763359" m_ty="-12.977099"/>
  </frame>
  <frame idx="225" w="603" h="345" x="-51.263359" y="-64.052834">
   <element name="rat_burrow_base" layername="rat_burrow_base" frame="0" z_index="18" m_a="1.000000" m_b="0.000000" m_c="0.000000" m_d="1.000000" m_tx="0.996008" m_ty="-35.052834"/>
   <element name="rat_burrow_hole" layername="rat_burrow_hole" frame="0" z_index="17" m_a="1.000000" m_b="0.000000" m_c="0.000000" m_d="1.000000" m_tx="-0.001996" m_ty="-17.549974"/>
   <element name="rat_burrow_eyes" layername="rat_burrow_eyes-2" frame="0" z_index="16" m_a="1.000000" m_b="0.000000" m_c="0.000000" m_d="1.000000" m_tx="-0.763359" m_ty="-12.977099"/>
  </frame>
  <frame idx="250" w="603" h="345" x="-51.263359" y="-64.052834">
   <element name="rat_burrow_base" layername="rat_burrow_base" frame="0" z_index="18" m_a="1.000000" m_b="0.000000" m_c="0.000000" m_d="1.000000" m_tx="0.996008" m_ty="-35.052834"/>
   <element name="rat_burrow_hole" layername="rat_burrow_hole" frame="0" z_index="17" m_a="1.000000" m_b="0.000000" m_c="0.000000" m_d="1.000000" m_tx="-0.001996" m_ty="-17.549974"/>
   <element name="rat_burrow_eyes" layername="rat_burrow_eyes-2" frame="0" z_index="16" m_a="1.000000" m_b="0.000000" m_c="0.000000" m_d="1.000000" m_tx="-0.763359" m_ty="-12.977099"/>
  </frame>
  <frame idx="275" w="603" h="345" x="-51.263359" y="-64.052834">
   <element name="rat_burrow_base" layername="rat_burrow_base" frame="0" z_index="18" m_a="1.000000" m_b="0.000000" m_c="0.000000" m_d="1.000000" m_tx="0.996008" m_ty="-35.052834"/>
   <element name="rat_burrow_hole" layername="rat_burrow_hole" frame="0" z_index="17" m_a="1.000000" m_b="0.000000" m_c="0.000000" m_d="1.000000" m_tx="-0.001996" m_ty="-17.549974"/>
   <element name="rat_burrow_eyes" layername="rat_burrow_eyes-2" frame="0" z_index="16" m_a="1.000000" m_b="0.000000" m_c="0.000000" m_d="1.000000" m_tx="-0.763359" m_ty="-12.977099"/>
  </frame>
  <frame idx="300" w="603" h="345" x="-51.263359" y="-64.052834">
   <element name="rat_burrow_base" layername="rat_burrow_base" frame="0" z_index="18" m_a="1.000000" m_b="0.000000" m_c="0.000000" m_d="1.000000" m_tx="0.996008" m_ty="-35.052834"/>
   <element name="rat_burrow_hole" layername="rat_burrow_hole" frame="0" z_index="17" m_a="1.000000" m_b="0.000000" m_c="0.000000" m_d="1.000000" m_tx="-0.001996" m_ty="-17.549974"/>
   <element name="rat_burrow_eyes" layername="rat_burrow_eyes-2" frame="0" z_index="16" m_a="1.000000" m_b="0.000000" m_c="0.000000" m_d="1.000000" m_tx="-0.763359" m_ty="-12.977099"/>
  </frame>
  <frame idx="325" w="603" h="345" x="-51.263359" y="-64.052834">
   <element name="rat_burrow_base" layername="rat_burrow_base" frame="0" z_index="18" m_a="1.000000" m_b="0.000000" m_c="0.000000" m_d="1.000000" m_tx="0.996008" m_ty="-35.052834"/>
   <element name="rat_burrow_hole" layername="rat_burrow_hole" frame="0" z_index="17" m_a="1.000000" m_b="0.000000" m_c="0.000000" m_d="1.000000" m_tx="-0.001996" m_ty="-17.549974"/>
   <element name="rat_burrow_eyes" layername="rat_burrow_eyes-2" frame="0" z_index="16" m_a="1.000000" m_b="0.000000" m_c="0.000000" m_d="1.000000" m_tx="-0.763359" m_ty="-12.977099"/>
  </frame>
  <frame idx="350" w="603" h="345" x="-51.263359" y="-64.052834">
   <element name="rat_burrow_base" layername="rat_burrow_base" frame="0" z_index="18" m_a="1.000000" m_b="0.000000" m_c="0.000000" m_d="1.000000" m_tx="0.996008" m_ty="-35.052834"/>
   <element name="rat_burrow_hole" layername="rat_burrow_hole" frame="0" z_index="17" m_a="1.000000" m_b="0.000000" m_c="0.000000" m_d="1.000000" m_tx="-0.001996" m_ty="-17.549974"/>
   <element name="rat_burrow_eyes" layername="rat_burrow_eyes-2" frame="1" z_index="16" m_a="1.000000" m_b="0.000000" m_c="0.000000" m_d="1.000000" m_tx="-0.763359" m_ty="-12.977099"/>
  </frame>
  <frame idx="375" w="603" h="345" x="-51.263359" y="-64.052834">
   <element name="rat_burrow_base" layername="rat_burrow_base" frame="0" z_index="18" m_a="1.000000" m_b="0.000000" m_c="0.000000" m_d="1.000000" m_tx="0.996008" m_ty="-35.052834"/>
   <element name="rat_burrow_hole" layername="rat_burrow_hole" frame="0" z_index="17" m_a="1.000000" m_b="0.000000" m_c="0.000000" m_d="1.000000" m_tx="-0.001996" m_ty="-17.549974"/>
   <element name="rat_burrow_eyes" layername="rat_burrow_eyes-2" frame="2" z_index="16" m_a="1.000000" m_b="0.000000" m_c="0.000000" m_d="1.000000" m_tx="-0.763359" m_ty="-12.977099"/>
  </frame>
 </anim>
 <anim name="idle_eyes_blink" root="uncompromising_rat_burrow" numframes="200" framerate="40">
  <frame idx="0" w="603" h="345" x="-51.263359" y="-64.052834">
   <element name="rat_burrow_base" layername="rat_burrow_base" frame="0" z_index="18" m_a="1.000000" m_b="0.000000" m_c="0.000000" m_d="1.000000" m_tx="0.996008" m_ty="-35.052834"/>
   <element name="rat_burrow_hole" layername="rat_burrow_hole" frame="0" z_index="17" m_a="1.000000" m_b="0.000000" m_c="0.000000" m_d="1.000000" m_tx="-0.001996" m_ty="-17.549974"/>
   <element name="rat_burrow_eyes" layername="rat_burrow_eyes-2" frame="1" z_index="16" m_a="1.000000" m_b="0.000000" m_c="0.000000" m_d="1.000000" m_tx="-0.763359" m_ty="-12.977099"/>
  </frame>
  <frame idx="25" w="603" h="345" x="-51.263359" y="-64.052834">
   <element name="rat_burrow_base" layername="rat_burrow_base" frame="0" z_index="18" m_a="1.000000" m_b="0.000000" m_c="0.000000" m_d="1.000000" m_tx="0.996008" m_ty="-35.052834"/>
   <element name="rat_burrow_hole" layername="rat_burrow_hole" frame="0" z_index="17" m_a="1.000000" m_b="0.000000" m_c="0.000000" m_d="1.000000" m_tx="-0.001996" m_ty="-17.549974"/>
   <element name="rat_burrow_eyes" layername="rat_burrow_eyes-2" frame="1" z_index="16" m_a="1.000000" m_b="0.000000" m_c="0.000000" m_d="1.000000" m_tx="-0.763359" m_ty="-12.977099"/>
  </frame>
  <frame idx="50" w="603" h="345" x="-51.263359" y="-64.052834">
   <element name="rat_burrow_base" layername="rat_burrow_base" frame="0" z_index="18" m_a="1.000000" m_b="0.000000" m_c="0.000000" m_d="1.000000" m_tx="0.996008" m_ty="-35.052834"/>
   <element name="rat_burrow_hole" layername="rat_burrow_hole" frame="0" z_index="17" m_a="1.000000" m_b="0.000000" m_c="0.000000" m_d="1.000000" m_tx="-0.001996" m_ty="-17.549974"/>
   <element name="rat_burrow_eyes" layername="rat_burrow_eyes-2" frame="2" z_index="16" m_a="1.000000" m_b="0.000000" m_c="0.000000" m_d="1.000000" m_tx="-0.763359" m_ty="-12.977099"/>
  </frame>
  <frame idx="75" w="603" h="345" x="-51.263359" y="-64.052834">
   <element name="rat_burrow_base" layername="rat_burrow_base" frame="0" z_index="18" m_a="1.000000" m_b="0.000000" m_c="0.000000" m_d="1.000000" m_tx="0.996008" m_ty="-35.052834"/>
   <element name="rat_burrow_hole" layername="rat_burrow_hole" frame="0" z_index="17" m_a="1.000000" m_b="0.000000" m_c="0.000000" m_d="1.000000" m_tx="-0.001996" m_ty="-17.549974"/>
   <element name="rat_burrow_eyes" layername="rat_burrow_eyes-2" frame="2" z_index="16" m_a="1.000000" m_b="0.000000" m_c="0.000000" m_d="1.000000" m_tx="-0.763359" m_ty="-12.977099"/>
  </frame>
  <frame idx="100" w="603" h="345" x="-51.263359" y="-64.052834">
   <element name="rat_burrow_base" layername="rat_burrow_base" frame="0" z_index="18" m_a="1.000000" m_b="0.000000" m_c="0.000000" m_d="1.000000" m_tx="0.996008" m_ty="-35.052834"/>
   <element name="rat_burrow_hole" layername="rat_burrow_hole" frame="0" z_index="17" m_a="1.000000" m_b="0.000000" m_c="0.000000" m_d="1.000000" m_tx="-0.001996" m_ty="-17.549974"/>
   <element name="rat_burrow_eyes" layername="rat_burrow_eyes-2" frame="2" z_index="16" m_a="1.000000" m_b="0.000000" m_c="0.000000" m_d="1.000000" m_tx="-0.763359" m_ty="-12.977099"/>
  </frame>
  <frame idx="125" w="603" h="345" x="-51.263359" y="-64.052834">
   <element name="rat_burrow_base" layername="rat_burrow_base" frame="0" z_index="18" m_a="1.000000" m_b="0.000000" m_c="0.000000" m_d="1.000000" m_tx="0.996008" m_ty="-35.052834"/>
   <element name="rat_burrow_hole" layername="rat_burrow_hole" frame="0" z_index="17" m_a="1.000000" m_b="0.000000" m_c="0.000000" m_d="1.000000" m_tx="-0.001996" m_ty="-17.549974"/>
   <element name="rat_burrow_eyes" layername="rat_burrow_eyes-2" frame="2" z_index="16" m_a="1.000000" m_b="0.000000" m_c="0.000000" m_d="1.000000" m_tx="-0.763359" m_ty="-12.977099"/>
  </frame>
  <frame idx="150" w="603" h="345" x="-51.263359" y="-64.052834">
   <element name="rat_burrow_base" layername="rat_burrow_base" frame="0" z_index="18" m_a="1.000000" m_b="0.000000" m_c="0.000000" m_d="1.000000" m_tx="0.996008" m_ty="-35.052834"/>
   <element name="rat_burrow_hole" layername="rat_burrow_hole" frame="0" z_index="17" m_a="1.000000" m_b="0.000000" m_c="0.000000" m_d="1.000000" m_tx="-0.001996" m_ty="-17.549974"/>
   <element name="rat_burrow_eyes" layername="rat_burrow_eyes-2" frame="1" z_index="16" m_a="1.000000" m_b="0.000000" m_c="0.000000" m_d="1.000000" m_tx="-0.763359" m_ty="-12.977099"/>
  </frame>
  <frame idx="175" w="603" h="345" x="-51.263359" y="-64.052834">
   <element name="rat_burrow_base" layername="rat_burrow_base" frame="0" z_index="18" m_a="1.000000" m_b="0.000000" m_c="0.000000" m_d="1.000000" m_tx="0.996008" m_ty="-35.052834"/>
   <element name="rat_burrow_hole" layername="rat_burrow_hole" frame="0" z_index="17" m_a="1.000000" m_b="0.000000" m_c="0.000000" m_d="1.000000" m_tx="-0.001996" m_ty="-17.549974"/>
   <element name="rat_burrow_eyes" layername="rat_burrow_eyes-2" frame="0" z_index="16" m_a="1.000000" m_b="0.000000" m_c="0.000000" m_d="1.000000" m_tx="-0.763359" m_ty="-12.977099"/>
  </frame>
 </anim>
 <anim name="spawn" root="uncompromising_rat_burrow" numframes="200" framerate="40">
  <frame idx="0" w="397" h="106" x="-31.597382" y="-14.365332">
   <element name="rat_burrow_base" layername="rat_burrow_base" frame="0" z_index="18" m_a="0.657202" m_b="0.000000" m_c="0.000000" m_d="0.318304" m_tx="2.558508" m_ty="-5.365332"/>
   <element name="rat_burrow_hole" layername="rat_burrow_hole" frame="0" z_index="17" m_a="0.657202" m_b="0.000000" m_c="0.000000" m_d="0.318304" m_tx="1.902618" m_ty="-2.919100"/>
  </frame>
  <frame idx="25" w="339" h="285" x="-28.042337" y="-59.765148">
   <element name="rat_burrow_base" layername="rat_burrow_base" frame="0" z_index="18" m_a="0.562446" m_b="0.000000" m_c="0.000000" m_d="0.799285" m_tx="1.018986" m_ty="-35.765148"/>
   <element name="rat_burrow_hole" layername="rat_burrow_hole" frame="0" z_index="17" m_a="0.562446" m_b="0.000000" m_c="0.000000" m_d="0.799285" m_tx="0.457662" m_ty="-26.049280"/>
  </frame>
  <frame idx="50" w="345" h="359" x="-28.976986" y="-73.883331">
   <element name="rat_burrow_base" layername="rat_burrow_base" frame="0" z_index="18" m_a="0.571672" m_b="0.000000" m_c="0.000000" m_d="1.016081" m_tx="0.593546" m_ty="-43.883327"/>
   <element name="rat_burrow_hole" layername="rat_burrow_hole" frame="0" z_index="17" m_a="0.571672" m_b="0.000000" m_c="0.000000" m_d="1.016082" m_tx="0.023015" m_ty="-32.301651"/>
  </frame>
  <frame idx="75" w="386" h="375" x="-32.722122" y="-70.968079">
   <element name="rat_burrow_base" layername="rat_burrow_base" frame="0" z_index="18" m_a="0.639387" m_b="0.000000" m_c="0.000000" m_d="1.084274" m_tx="0.794777" m_ty="-39.468079"/>
   <element name="rat_burrow_hole" layername="rat_burrow_hole" frame="0" z_index="17" m_a="0.639387" m_b="0.000000" m_c="0.000000" m_d="1.084275" m_tx="-0.222121" m_ty="-29.439043"/>
  </frame>
  <frame idx="100" w="428" h="391" x="-37.272182" y="-68.052834">
   <element name="rat_burrow_base" layername="rat_burrow_base" frame="0" z_index="18" m_a="0.707102" m_b="0.000000" m_c="0.000000" m_d="1.152467" m_tx="0.996008" m_ty="-35.052834"/>
   <element name="rat_burrow_hole" layername="rat_burrow_hole" frame="0" z_index="17" m_a="0.707102" m_b="0.000000" m_c="0.000000" m_d="1.152467" m_tx="-1.272182" m_ty="-27.381357"/>
  </frame>
  <frame idx="125" w="473" h="378" x="-41.603531" y="-66.552834">
   <element name="rat_burrow_base" layername="rat_burrow_base" frame="0" z_index="18" m_a="0.780327" m_b="0.000000" m_c="0.000000" m_d="1.114350" m_tx="0.996008" m_ty="-35.052834"/>
   <element name="rat_burrow_hole" layername="rat_burrow_hole" frame="0" z_index="17" m_a="0.713907" m_b="0.000000" m_c="0.000000" m_d="1.352486" m_tx="-2.103533" m_ty="-22.625717"/>
  </frame>
  <frame idx="150" w="516" h="368" x="-44.820801" y="-66.052834">
   <element name="rat_burrow_base" layername="rat_burrow_base" frame="0" z_index="18" m_a="0.853551" m_b="0.000000" m_c="0.000000" m_d="1.076233" m_tx="0.996008" m_ty="-35.052834"/>
   <element name="rat_burrow_hole" layername="rat_burrow_hole" frame="0" z_index="17" m_a="0.785119" m_b="0.000000" m_c="0.000000" m_d="1.321586" m_tx="-1.820801" m_ty="-20.098242"/>
  </frame>
  <frame idx="175" w="560" h="356" x="-47.911400" y="-65.052834">
   <element name="rat_burrow_base" layername="rat_burrow_base" frame="0" z_index="18" m_a="0.926776" m_b="0.000000" m_c="0.000000" m_d="1.038117" m_tx="0.996008" m_ty="-35.052834"/>
   <element name="rat_burrow_hole" layername="rat_burrow_hole" frame="0" z_index="17" m_a="0.892560" m_b="0.000000" m_c="0.000000" m_d="1.160793" m_tx="-0.911399" m_ty="-18.824108"/>
  </frame>
 </anim>
</Anims>
