<Anims>
 <anim name="idle" root="pinepile" numframes="6000" framerate="40">
  <frame idx="0" w="564" h="564" x="232.976593" y="202.680313">
   <element name="symbol0" layername="tree" frame="0" z_index="1" m_a="1.000000" m_b="0.000000" m_c="0.000000" m_d="1.000000" m_tx="2.976608" m_ty="-27.319689"/>
  </frame>
  <frame idx="25" w="564" h="564" x="232.976593" y="202.680313">
   <element name="symbol0" layername="tree" frame="0" z_index="1" m_a="1.000000" m_b="0.000000" m_c="0.000000" m_d="1.000000" m_tx="2.976608" m_ty="-27.319689"/>
  </frame>
  <frame idx="50" w="564" h="564" x="232.976593" y="202.680313">
   <element name="symbol0" layername="tree" frame="0" z_index="1" m_a="1.000000" m_b="0.000000" m_c="0.000000" m_d="1.000000" m_tx="2.976608" m_ty="-27.319689"/>
  </frame>
  <frame idx="75" w="564" h="564" x="232.976593" y="202.680313">
   <element name="symbol0" layername="tree" frame="0" z_index="1" m_a="1.000000" m_b="0.000000" m_c="0.000000" m_d="1.000000" m_tx="2.976608" m_ty="-27.319689"/>
  </frame>
  <frame idx="100" w="564" h="564" x="232.976593" y="202.680313">
   <element name="symbol0" layername="tree" frame="0" z_index="1" m_a="1.000000" m_b="0.000000" m_c="0.000000" m_d="1.000000" m_tx="2.976608" m_ty="-27.319689"/>
  </frame>
  <frame idx="125" w="564" h="564" x="232.976593" y="202.680313">
   <element name="symbol0" layername="tree" frame="0" z_index="1" m_a="1.000000" m_b="0.000000" m_c="0.000000" m_d="1.000000" m_tx="2.976608" m_ty="-27.319689"/>
  </frame>
  <frame idx="150" w="564" h="564" x="232.976593" y="202.680313">
   <element name="symbol0" layername="tree" frame="0" z_index="1" m_a="1.000000" m_b="0.000000" m_c="0.000000" m_d="1.000000" m_tx="2.976608" m_ty="-27.319689"/>
  </frame>
  <frame idx="175" w="564" h="564" x="232.976593" y="202.680313">
   <element name="symbol0" layername="tree" frame="0" z_index="1" m_a="1.000000" m_b="0.000000" m_c="0.000000" m_d="1.000000" m_tx="2.976608" m_ty="-27.319689"/>
  </frame>
  <frame idx="200" w="564" h="564" x="232.976593" y="202.680313">
   <element name="symbol0" layername="tree" frame="0" z_index="1" m_a="1.000000" m_b="0.000000" m_c="0.000000" m_d="1.000000" m_tx="2.976608" m_ty="-27.319689"/>
  </frame>
  <frame idx="225" w="564" h="564" x="232.976593" y="202.680313">
   <element name="symbol0" layername="tree" frame="0" z_index="1" m_a="1.000000" m_b="0.000000" m_c="0.000000" m_d="1.000000" m_tx="2.976608" m_ty="-27.319689"/>
  </frame>
  <frame idx="250" w="564" h="564" x="232.976593" y="202.680313">
   <element name="symbol0" layername="tree" frame="0" z_index="1" m_a="1.000000" m_b="0.000000" m_c="0.000000" m_d="1.000000" m_tx="2.976608" m_ty="-27.319689"/>
  </frame>
  <frame idx="275" w="564" h="564" x="232.976593" y="202.680313">
   <element name="symbol0" layername="tree" frame="0" z_index="1" m_a="1.000000" m_b="0.000000" m_c="0.000000" m_d="1.000000" m_tx="2.976608" m_ty="-27.319689"/>
  </frame>
  <frame idx="300" w="564" h="564" x="232.976593" y="202.680313">
   <element name="symbol0" layername="tree" frame="0" z_index="1" m_a="1.000000" m_b="0.000000" m_c="0.000000" m_d="1.000000" m_tx="2.976608" m_ty="-27.319689"/>
  </frame>
  <frame idx="325" w="564" h="564" x="232.976593" y="202.680313">
   <element name="symbol0" layername="tree" frame="0" z_index="1" m_a="1.000000" m_b="0.000000" m_c="0.000000" m_d="1.000000" m_tx="2.976608" m_ty="-27.319689"/>
  </frame>
  <frame idx="350" w="564" h="564" x="232.976593" y="202.680313">
   <element name="symbol0" layername="tree" frame="0" z_index="1" m_a="1.000000" m_b="0.000000" m_c="0.000000" m_d="1.000000" m_tx="2.976608" m_ty="-27.319689"/>
  </frame>
  <frame idx="375" w="564" h="564" x="232.976593" y="202.680313">
   <element name="symbol0" layername="tree" frame="0" z_index="1" m_a="1.000000" m_b="0.000000" m_c="0.000000" m_d="1.000000" m_tx="2.976608" m_ty="-27.319689"/>
  </frame>
  <frame idx="400" w="564" h="564" x="232.976593" y="202.680313">
   <element name="symbol0" layername="tree" frame="0" z_index="1" m_a="1.000000" m_b="0.000000" m_c="0.000000" m_d="1.000000" m_tx="2.976608" m_ty="-27.319689"/>
  </frame>
  <frame idx="425" w="564" h="564" x="232.976593" y="202.680313">
   <element name="symbol0" layername="tree" frame="0" z_index="1" m_a="1.000000" m_b="0.000000" m_c="0.000000" m_d="1.000000" m_tx="2.976608" m_ty="-27.319689"/>
  </frame>
  <frame idx="450" w="564" h="564" x="232.976593" y="202.680313">
   <element name="symbol0" layername="tree" frame="0" z_index="1" m_a="1.000000" m_b="0.000000" m_c="0.000000" m_d="1.000000" m_tx="2.976608" m_ty="-27.319689"/>
  </frame>
  <frame idx="475" w="564" h="564" x="232.976593" y="202.680313">
   <element name="symbol0" layername="tree" frame="0" z_index="1" m_a="1.000000" m_b="0.000000" m_c="0.000000" m_d="1.000000" m_tx="2.976608" m_ty="-27.319689"/>
  </frame>
  <frame idx="500" w="564" h="564" x="232.976593" y="202.680313">
   <element name="symbol0" layername="tree" frame="0" z_index="1" m_a="1.000000" m_b="0.000000" m_c="0.000000" m_d="1.000000" m_tx="2.976608" m_ty="-27.319689"/>
  </frame>
  <frame idx="525" w="564" h="564" x="232.976593" y="202.680313">
   <element name="symbol0" layername="tree" frame="0" z_index="1" m_a="1.000000" m_b="0.000000" m_c="0.000000" m_d="1.000000" m_tx="2.976608" m_ty="-27.319689"/>
  </frame>
  <frame idx="550" w="564" h="564" x="232.976593" y="202.680313">
   <element name="symbol0" layername="tree" frame="0" z_index="1" m_a="1.000000" m_b="0.000000" m_c="0.000000" m_d="1.000000" m_tx="2.976608" m_ty="-27.319689"/>
  </frame>
  <frame idx="575" w="564" h="564" x="232.976593" y="202.680313">
   <element name="symbol0" layername="tree" frame="0" z_index="1" m_a="1.000000" m_b="0.000000" m_c="0.000000" m_d="1.000000" m_tx="2.976608" m_ty="-27.319689"/>
  </frame>
  <frame idx="600" w="564" h="564" x="232.976593" y="202.680313">
   <element name="symbol0" layername="tree" frame="0" z_index="1" m_a="1.000000" m_b="0.000000" m_c="0.000000" m_d="1.000000" m_tx="2.976608" m_ty="-27.319689"/>
  </frame>
  <frame idx="625" w="564" h="564" x="232.976593" y="202.680313">
   <element name="symbol0" layername="tree" frame="0" z_index="1" m_a="1.000000" m_b="0.000000" m_c="0.000000" m_d="1.000000" m_tx="2.976608" m_ty="-27.319689"/>
  </frame>
  <frame idx="650" w="564" h="564" x="232.976593" y="202.680313">
   <element name="symbol0" layername="tree" frame="0" z_index="1" m_a="1.000000" m_b="0.000000" m_c="0.000000" m_d="1.000000" m_tx="2.976608" m_ty="-27.319689"/>
  </frame>
  <frame idx="675" w="564" h="564" x="232.976593" y="202.680313">
   <element name="symbol0" layername="tree" frame="0" z_index="1" m_a="1.000000" m_b="0.000000" m_c="0.000000" m_d="1.000000" m_tx="2.976608" m_ty="-27.319689"/>
  </frame>
  <frame idx="700" w="564" h="564" x="232.976593" y="202.680313">
   <element name="symbol0" layername="tree" frame="0" z_index="1" m_a="1.000000" m_b="0.000000" m_c="0.000000" m_d="1.000000" m_tx="2.976608" m_ty="-27.319689"/>
  </frame>
  <frame idx="725" w="564" h="564" x="232.976593" y="202.680313">
   <element name="symbol0" layername="tree" frame="0" z_index="1" m_a="1.000000" m_b="0.000000" m_c="0.000000" m_d="1.000000" m_tx="2.976608" m_ty="-27.319689"/>
  </frame>
  <frame idx="750" w="564" h="564" x="232.976593" y="202.680313">
   <element name="symbol0" layername="tree" frame="0" z_index="1" m_a="1.000000" m_b="0.000000" m_c="0.000000" m_d="1.000000" m_tx="2.976608" m_ty="-27.319689"/>
  </frame>
  <frame idx="775" w="564" h="564" x="232.976593" y="202.680313">
   <element name="symbol0" layername="tree" frame="0" z_index="1" m_a="1.000000" m_b="0.000000" m_c="0.000000" m_d="1.000000" m_tx="2.976608" m_ty="-27.319689"/>
  </frame>
  <frame idx="800" w="564" h="564" x="232.976593" y="202.680313">
   <element name="symbol0" layername="tree" frame="0" z_index="1" m_a="1.000000" m_b="0.000000" m_c="0.000000" m_d="1.000000" m_tx="2.976608" m_ty="-27.319689"/>
  </frame>
  <frame idx="825" w="564" h="564" x="232.976593" y="202.680313">
   <element name="symbol0" layername="tree" frame="0" z_index="1" m_a="1.000000" m_b="0.000000" m_c="0.000000" m_d="1.000000" m_tx="2.976608" m_ty="-27.319689"/>
  </frame>
  <frame idx="850" w="564" h="564" x="232.976593" y="202.680313">
   <element name="symbol0" layername="tree" frame="0" z_index="1" m_a="1.000000" m_b="0.000000" m_c="0.000000" m_d="1.000000" m_tx="2.976608" m_ty="-27.319689"/>
  </frame>
  <frame idx="875" w="564" h="564" x="232.976593" y="202.680313">
   <element name="symbol0" layername="tree" frame="0" z_index="1" m_a="1.000000" m_b="0.000000" m_c="0.000000" m_d="1.000000" m_tx="2.976608" m_ty="-27.319689"/>
  </frame>
  <frame idx="900" w="564" h="564" x="232.976593" y="202.680313">
   <element name="symbol0" layername="tree" frame="0" z_index="1" m_a="1.000000" m_b="0.000000" m_c="0.000000" m_d="1.000000" m_tx="2.976608" m_ty="-27.319689"/>
  </frame>
  <frame idx="925" w="564" h="564" x="232.976593" y="202.680313">
   <element name="symbol0" layername="tree" frame="0" z_index="1" m_a="1.000000" m_b="0.000000" m_c="0.000000" m_d="1.000000" m_tx="2.976608" m_ty="-27.319689"/>
  </frame>
  <frame idx="950" w="564" h="564" x="232.976593" y="202.680313">
   <element name="symbol0" layername="tree" frame="0" z_index="1" m_a="1.000000" m_b="0.000000" m_c="0.000000" m_d="1.000000" m_tx="2.976608" m_ty="-27.319689"/>
  </frame>
  <frame idx="975" w="564" h="564" x="232.976593" y="202.680313">
   <element name="symbol0" layername="tree" frame="0" z_index="1" m_a="1.000000" m_b="0.000000" m_c="0.000000" m_d="1.000000" m_tx="2.976608" m_ty="-27.319689"/>
  </frame>
  <frame idx="1000" w="564" h="564" x="232.976593" y="202.680313">
   <element name="symbol0" layername="tree" frame="0" z_index="1" m_a="1.000000" m_b="0.000000" m_c="0.000000" m_d="1.000000" m_tx="2.976608" m_ty="-27.319689"/>
  </frame>
  <frame idx="1025" w="564" h="564" x="232.976593" y="202.680313">
   <element name="symbol0" layername="tree" frame="0" z_index="1" m_a="1.000000" m_b="0.000000" m_c="0.000000" m_d="1.000000" m_tx="2.976608" m_ty="-27.319689"/>
  </frame>
  <frame idx="1050" w="564" h="564" x="232.976593" y="202.680313">
   <element name="symbol0" layername="tree" frame="0" z_index="1" m_a="1.000000" m_b="0.000000" m_c="0.000000" m_d="1.000000" m_tx="2.976608" m_ty="-27.319689"/>
  </frame>
  <frame idx="1075" w="564" h="564" x="232.976593" y="202.680313">
   <element name="symbol0" layername="tree" frame="0" z_index="1" m_a="1.000000" m_b="0.000000" m_c="0.000000" m_d="1.000000" m_tx="2.976608" m_ty="-27.319689"/>
  </frame>
  <frame idx="1100" w="564" h="564" x="232.976593" y="202.680313">
   <element name="symbol0" layername="tree" frame="0" z_index="1" m_a="1.000000" m_b="0.000000" m_c="0.000000" m_d="1.000000" m_tx="2.976608" m_ty="-27.319689"/>
  </frame>
  <frame idx="1125" w="564" h="564" x="232.976593" y="202.680313">
   <element name="symbol0" layername="tree" frame="0" z_index="1" m_a="1.000000" m_b="0.000000" m_c="0.000000" m_d="1.000000" m_tx="2.976608" m_ty="-27.319689"/>
  </frame>
  <frame idx="1150" w="564" h="564" x="232.976593" y="202.680313">
   <element name="symbol0" layername="tree" frame="0" z_index="1" m_a="1.000000" m_b="0.000000" m_c="0.000000" m_d="1.000000" m_tx="2.976608" m_ty="-27.319689"/>
  </frame>
  <frame idx="1175" w="564" h="564" x="232.976593" y="202.680313">
   <element name="symbol0" layername="tree" frame="0" z_index="1" m_a="1.000000" m_b="0.000000" m_c="0.000000" m_d="1.000000" m_tx="2.976608" m_ty="-27.319689"/>
  </frame>
  <frame idx="1200" w="564" h="564" x="232.976593" y="202.680313">
   <element name="symbol0" layername="tree" frame="0" z_index="1" m_a="1.000000" m_b="0.000000" m_c="0.000000" m_d="1.000000" m_tx="2.976608" m_ty="-27.319689"/>
  </frame>
  <frame idx="1225" w="564" h="564" x="232.976593" y="202.680313">
   <element name="symbol0" layername="tree" frame="0" z_index="1" m_a="1.000000" m_b="0.000000" m_c="0.000000" m_d="1.000000" m_tx="2.976608" m_ty="-27.319689"/>
  </frame>
  <frame idx="1250" w="564" h="564" x="232.976593" y="202.680313">
   <element name="symbol0" layername="tree" frame="0" z_index="1" m_a="1.000000" m_b="0.000000" m_c="0.000000" m_d="1.000000" m_tx="2.976608" m_ty="-27.319689"/>
  </frame>
  <frame idx="1275" w="564" h="564" x="232.976593" y="202.680313">
   <element name="symbol0" layername="tree" frame="0" z_index="1" m_a="1.000000" m_b="0.000000" m_c="0.000000" m_d="1.000000" m_tx="2.976608" m_ty="-27.319689"/>
  </frame>
  <frame idx="1300" w="564" h="564" x="232.976593" y="202.680313">
   <element name="symbol0" layername="tree" frame="0" z_index="1" m_a="1.000000" m_b="0.000000" m_c="0.000000" m_d="1.000000" m_tx="2.976608" m_ty="-27.319689"/>
  </frame>
  <frame idx="1325" w="564" h="564" x="232.976593" y="202.680313">
   <element name="symbol0" layername="tree" frame="0" z_index="1" m_a="1.000000" m_b="0.000000" m_c="0.000000" m_d="1.000000" m_tx="2.976608" m_ty="-27.319689"/>
  </frame>
  <frame idx="1350" w="564" h="564" x="232.976593" y="202.680313">
   <element name="symbol0" layername="tree" frame="0" z_index="1" m_a="1.000000" m_b="0.000000" m_c="0.000000" m_d="1.000000" m_tx="2.976608" m_ty="-27.319689"/>
  </frame>
  <frame idx="1375" w="564" h="564" x="232.976593" y="202.680313">
   <element name="symbol0" layername="tree" frame="0" z_index="1" m_a="1.000000" m_b="0.000000" m_c="0.000000" m_d="1.000000" m_tx="2.976608" m_ty="-27.319689"/>
  </frame>
  <frame idx="1400" w="564" h="564" x="232.976593" y="202.680313">
   <element name="symbol0" layername="tree" frame="0" z_index="1" m_a="1.000000" m_b="0.000000" m_c="0.000000" m_d="1.000000" m_tx="2.976608" m_ty="-27.319689"/>
  </frame>
  <frame idx="1425" w="564" h="564" x="232.976593" y="202.680313">
   <element name="symbol0" layername="tree" frame="0" z_index="1" m_a="1.000000" m_b="0.000000" m_c="0.000000" m_d="1.000000" m_tx="2.976608" m_ty="-27.319689"/>
  </frame>
  <frame idx="1450" w="564" h="564" x="232.976593" y="202.680313">
   <element name="symbol0" layername="tree" frame="0" z_index="1" m_a="1.000000" m_b="0.000000" m_c="0.000000" m_d="1.000000" m_tx="2.976608" m_ty="-27.319689"/>
  </frame>
  <frame idx="1475" w="564" h="564" x="232.976593" y="202.680313">
   <element name="symbol0" layername="tree" frame="0" z_index="1" m_a="1.000000" m_b="0.000000" m_c="0.000000" m_d="1.000000" m_tx="2.976608" m_ty="-27.319689"/>
  </frame>
  <frame idx="1500" w="564" h="564" x="232.976593" y="202.680313">
   <element name="symbol0" layername="tree" frame="0" z_index="1" m_a="1.000000" m_b="0.000000" m_c="0.000000" m_d="1.000000" m_tx="2.976608" m_ty="-27.319689"/>
  </frame>
  <frame idx="1525" w="564" h="564" x="232.976593" y="202.680313">
   <element name="symbol0" layername="tree" frame="0" z_index="1" m_a="1.000000" m_b="0.000000" m_c="0.000000" m_d="1.000000" m_tx="2.976608" m_ty="-27.319689"/>
  </frame>
  <frame idx="1550" w="564" h="564" x="232.976593" y="202.680313">
   <element name="symbol0" layername="tree" frame="0" z_index="1" m_a="1.000000" m_b="0.000000" m_c="0.000000" m_d="1.000000" m_tx="2.976608" m_ty="-27.319689"/>
  </frame>
  <frame idx="1575" w="564" h="564" x="232.976593" y="202.680313">
   <element name="symbol0" layername="tree" frame="0" z_index="1" m_a="1.000000" m_b="0.000000" m_c="0.000000" m_d="1.000000" m_tx="2.976608" m_ty="-27.319689"/>
  </frame>
  <frame idx="1600" w="564" h="564" x="232.976593" y="202.680313">
   <element name="symbol0" layername="tree" frame="0" z_index="1" m_a="1.000000" m_b="0.000000" m_c="0.000000" m_d="1.000000" m_tx="2.976608" m_ty="-27.319689"/>
  </frame>
  <frame idx="1625" w="564" h="564" x="232.976593" y="202.680313">
   <element name="symbol0" layername="tree" frame="0" z_index="1" m_a="1.000000" m_b="0.000000" m_c="0.000000" m_d="1.000000" m_tx="2.976608" m_ty="-27.319689"/>
  </frame>
  <frame idx="1650" w="564" h="564" x="232.976593" y="202.680313">
   <element name="symbol0" layername="tree" frame="0" z_index="1" m_a="1.000000" m_b="0.000000" m_c="0.000000" m_d="1.000000" m_tx="2.976608" m_ty="-27.319689"/>
  </frame>
  <frame idx="1675" w="564" h="564" x="232.976593" y="202.680313">
   <element name="symbol0" layername="tree" frame="0" z_index="1" m_a="1.000000" m_b="0.000000" m_c="0.000000" m_d="1.000000" m_tx="2.976608" m_ty="-27.319689"/>
  </frame>
  <frame idx="1700" w="564" h="564" x="232.976593" y="202.680313">
   <element name="symbol0" layername="tree" frame="0" z_index="1" m_a="1.000000" m_b="0.000000" m_c="0.000000" m_d="1.000000" m_tx="2.976608" m_ty="-27.319689"/>
  </frame>
  <frame idx="1725" w="564" h="564" x="232.976593" y="202.680313">
   <element name="symbol0" layername="tree" frame="0" z_index="1" m_a="1.000000" m_b="0.000000" m_c="0.000000" m_d="1.000000" m_tx="2.976608" m_ty="-27.319689"/>
  </frame>
  <frame idx="1750" w="564" h="564" x="232.976593" y="202.680313">
   <element name="symbol0" layername="tree" frame="0" z_index="1" m_a="1.000000" m_b="0.000000" m_c="0.000000" m_d="1.000000" m_tx="2.976608" m_ty="-27.319689"/>
  </frame>
  <frame idx="1775" w="564" h="564" x="232.976593" y="202.680313">
   <element name="symbol0" layername="tree" frame="0" z_index="1" m_a="1.000000" m_b="0.000000" m_c="0.000000" m_d="1.000000" m_tx="2.976608" m_ty="-27.319689"/>
  </frame>
  <frame idx="1800" w="564" h="564" x="232.976593" y="202.680313">
   <element name="symbol0" layername="tree" frame="0" z_index="1" m_a="1.000000" m_b="0.000000" m_c="0.000000" m_d="1.000000" m_tx="2.976608" m_ty="-27.319689"/>
  </frame>
  <frame idx="1825" w="564" h="564" x="232.976593" y="202.680313">
   <element name="symbol0" layername="tree" frame="0" z_index="1" m_a="1.000000" m_b="0.000000" m_c="0.000000" m_d="1.000000" m_tx="2.976608" m_ty="-27.319689"/>
  </frame>
  <frame idx="1850" w="564" h="564" x="232.976593" y="202.680313">
   <element name="symbol0" layername="tree" frame="0" z_index="1" m_a="1.000000" m_b="0.000000" m_c="0.000000" m_d="1.000000" m_tx="2.976608" m_ty="-27.319689"/>
  </frame>
  <frame idx="1875" w="564" h="564" x="232.976593" y="202.680313">
   <element name="symbol0" layername="tree" frame="0" z_index="1" m_a="1.000000" m_b="0.000000" m_c="0.000000" m_d="1.000000" m_tx="2.976608" m_ty="-27.319689"/>
  </frame>
  <frame idx="1900" w="564" h="564" x="232.976593" y="202.680313">
   <element name="symbol0" layername="tree" frame="0" z_index="1" m_a="1.000000" m_b="0.000000" m_c="0.000000" m_d="1.000000" m_tx="2.976608" m_ty="-27.319689"/>
  </frame>
  <frame idx="1925" w="564" h="564" x="232.976593" y="202.680313">
   <element name="symbol0" layername="tree" frame="0" z_index="1" m_a="1.000000" m_b="0.000000" m_c="0.000000" m_d="1.000000" m_tx="2.976608" m_ty="-27.319689"/>
  </frame>
  <frame idx="1950" w="564" h="564" x="232.976593" y="202.680313">
   <element name="symbol0" layername="tree" frame="0" z_index="1" m_a="1.000000" m_b="0.000000" m_c="0.000000" m_d="1.000000" m_tx="2.976608" m_ty="-27.319689"/>
  </frame>
  <frame idx="1975" w="564" h="564" x="232.976593" y="202.680313">
   <element name="symbol0" layername="tree" frame="0" z_index="1" m_a="1.000000" m_b="0.000000" m_c="0.000000" m_d="1.000000" m_tx="2.976608" m_ty="-27.319689"/>
  </frame>
  <frame idx="2000" w="564" h="564" x="232.976593" y="202.680313">
   <element name="symbol0" layername="tree" frame="0" z_index="1" m_a="1.000000" m_b="0.000000" m_c="0.000000" m_d="1.000000" m_tx="2.976608" m_ty="-27.319689"/>
  </frame>
  <frame idx="2025" w="564" h="564" x="232.976593" y="202.680313">
   <element name="symbol0" layername="tree" frame="0" z_index="1" m_a="1.000000" m_b="0.000000" m_c="0.000000" m_d="1.000000" m_tx="2.976608" m_ty="-27.319689"/>
  </frame>
  <frame idx="2050" w="564" h="564" x="232.976593" y="202.680313">
   <element name="symbol0" layername="tree" frame="0" z_index="1" m_a="1.000000" m_b="0.000000" m_c="0.000000" m_d="1.000000" m_tx="2.976608" m_ty="-27.319689"/>
  </frame>
  <frame idx="2075" w="564" h="564" x="232.976593" y="202.680313">
   <element name="symbol0" layername="tree" frame="0" z_index="1" m_a="1.000000" m_b="0.000000" m_c="0.000000" m_d="1.000000" m_tx="2.976608" m_ty="-27.319689"/>
  </frame>
  <frame idx="2100" w="564" h="564" x="232.976593" y="202.680313">
   <element name="symbol0" layername="tree" frame="0" z_index="1" m_a="1.000000" m_b="0.000000" m_c="0.000000" m_d="1.000000" m_tx="2.976608" m_ty="-27.319689"/>
  </frame>
  <frame idx="2125" w="564" h="564" x="232.976593" y="202.680313">
   <element name="symbol0" layername="tree" frame="0" z_index="1" m_a="1.000000" m_b="0.000000" m_c="0.000000" m_d="1.000000" m_tx="2.976608" m_ty="-27.319689"/>
  </frame>
  <frame idx="2150" w="564" h="564" x="232.976593" y="202.680313">
   <element name="symbol0" layername="tree" frame="0" z_index="1" m_a="1.000000" m_b="0.000000" m_c="0.000000" m_d="1.000000" m_tx="2.976608" m_ty="-27.319689"/>
  </frame>
  <frame idx="2175" w="564" h="564" x="232.976593" y="202.680313">
   <element name="symbol0" layername="tree" frame="0" z_index="1" m_a="1.000000" m_b="0.000000" m_c="0.000000" m_d="1.000000" m_tx="2.976608" m_ty="-27.319689"/>
  </frame>
  <frame idx="2200" w="564" h="564" x="232.976593" y="202.680313">
   <element name="symbol0" layername="tree" frame="0" z_index="1" m_a="1.000000" m_b="0.000000" m_c="0.000000" m_d="1.000000" m_tx="2.976608" m_ty="-27.319689"/>
  </frame>
  <frame idx="2225" w="564" h="564" x="232.976593" y="202.680313">
   <element name="symbol0" layername="tree" frame="0" z_index="1" m_a="1.000000" m_b="0.000000" m_c="0.000000" m_d="1.000000" m_tx="2.976608" m_ty="-27.319689"/>
  </frame>
  <frame idx="2250" w="564" h="564" x="232.976593" y="202.680313">
   <element name="symbol0" layername="tree" frame="0" z_index="1" m_a="1.000000" m_b="0.000000" m_c="0.000000" m_d="1.000000" m_tx="2.976608" m_ty="-27.319689"/>
  </frame>
  <frame idx="2275" w="564" h="564" x="232.976593" y="202.680313">
   <element name="symbol0" layername="tree" frame="0" z_index="1" m_a="1.000000" m_b="0.000000" m_c="0.000000" m_d="1.000000" m_tx="2.976608" m_ty="-27.319689"/>
  </frame>
  <frame idx="2300" w="564" h="564" x="232.976593" y="202.680313">
   <element name="symbol0" layername="tree" frame="0" z_index="1" m_a="1.000000" m_b="0.000000" m_c="0.000000" m_d="1.000000" m_tx="2.976608" m_ty="-27.319689"/>
  </frame>
  <frame idx="2325" w="564" h="564" x="232.976593" y="202.680313">
   <element name="symbol0" layername="tree" frame="0" z_index="1" m_a="1.000000" m_b="0.000000" m_c="0.000000" m_d="1.000000" m_tx="2.976608" m_ty="-27.319689"/>
  </frame>
  <frame idx="2350" w="564" h="564" x="232.976593" y="202.680313">
   <element name="symbol0" layername="tree" frame="0" z_index="1" m_a="1.000000" m_b="0.000000" m_c="0.000000" m_d="1.000000" m_tx="2.976608" m_ty="-27.319689"/>
  </frame>
  <frame idx="2375" w="564" h="564" x="232.976593" y="202.680313">
   <element name="symbol0" layername="tree" frame="0" z_index="1" m_a="1.000000" m_b="0.000000" m_c="0.000000" m_d="1.000000" m_tx="2.976608" m_ty="-27.319689"/>
  </frame>
  <frame idx="2400" w="564" h="564" x="232.976593" y="202.680313">
   <element name="symbol0" layername="tree" frame="0" z_index="1" m_a="1.000000" m_b="0.000000" m_c="0.000000" m_d="1.000000" m_tx="2.976608" m_ty="-27.319689"/>
  </frame>
  <frame idx="2425" w="564" h="564" x="232.976593" y="202.680313">
   <element name="symbol0" layername="tree" frame="0" z_index="1" m_a="1.000000" m_b="0.000000" m_c="0.000000" m_d="1.000000" m_tx="2.976608" m_ty="-27.319689"/>
  </frame>
  <frame idx="2450" w="564" h="564" x="232.976593" y="202.680313">
   <element name="symbol0" layername="tree" frame="0" z_index="1" m_a="1.000000" m_b="0.000000" m_c="0.000000" m_d="1.000000" m_tx="2.976608" m_ty="-27.319689"/>
  </frame>
  <frame idx="2475" w="564" h="564" x="232.976593" y="202.680313">
   <element name="symbol0" layername="tree" frame="0" z_index="1" m_a="1.000000" m_b="0.000000" m_c="0.000000" m_d="1.000000" m_tx="2.976608" m_ty="-27.319689"/>
  </frame>
  <frame idx="2500" w="564" h="564" x="232.976593" y="202.680313">
   <element name="symbol0" layername="tree" frame="0" z_index="1" m_a="1.000000" m_b="0.000000" m_c="0.000000" m_d="1.000000" m_tx="2.976608" m_ty="-27.319689"/>
  </frame>
  <frame idx="2525" w="564" h="564" x="232.976593" y="202.680313">
   <element name="symbol0" layername="tree" frame="0" z_index="1" m_a="1.000000" m_b="0.000000" m_c="0.000000" m_d="1.000000" m_tx="2.976608" m_ty="-27.319689"/>
  </frame>
  <frame idx="2550" w="564" h="564" x="232.976593" y="202.680313">
   <element name="symbol0" layername="tree" frame="0" z_index="1" m_a="1.000000" m_b="0.000000" m_c="0.000000" m_d="1.000000" m_tx="2.976608" m_ty="-27.319689"/>
  </frame>
  <frame idx="2575" w="564" h="564" x="232.976593" y="202.680313">
   <element name="symbol0" layername="tree" frame="0" z_index="1" m_a="1.000000" m_b="0.000000" m_c="0.000000" m_d="1.000000" m_tx="2.976608" m_ty="-27.319689"/>
  </frame>
  <frame idx="2600" w="564" h="564" x="232.976593" y="202.680313">
   <element name="symbol0" layername="tree" frame="0" z_index="1" m_a="1.000000" m_b="0.000000" m_c="0.000000" m_d="1.000000" m_tx="2.976608" m_ty="-27.319689"/>
  </frame>
  <frame idx="2625" w="564" h="564" x="232.976593" y="202.680313">
   <element name="symbol0" layername="tree" frame="0" z_index="1" m_a="1.000000" m_b="0.000000" m_c="0.000000" m_d="1.000000" m_tx="2.976608" m_ty="-27.319689"/>
  </frame>
  <frame idx="2650" w="564" h="564" x="232.976593" y="202.680313">
   <element name="symbol0" layername="tree" frame="0" z_index="1" m_a="1.000000" m_b="0.000000" m_c="0.000000" m_d="1.000000" m_tx="2.976608" m_ty="-27.319689"/>
  </frame>
  <frame idx="2675" w="564" h="564" x="232.976593" y="202.680313">
   <element name="symbol0" layername="tree" frame="0" z_index="1" m_a="1.000000" m_b="0.000000" m_c="0.000000" m_d="1.000000" m_tx="2.976608" m_ty="-27.319689"/>
  </frame>
  <frame idx="2700" w="564" h="564" x="232.976593" y="202.680313">
   <element name="symbol0" layername="tree" frame="0" z_index="1" m_a="1.000000" m_b="0.000000" m_c="0.000000" m_d="1.000000" m_tx="2.976608" m_ty="-27.319689"/>
  </frame>
  <frame idx="2725" w="564" h="564" x="232.976593" y="202.680313">
   <element name="symbol0" layername="tree" frame="0" z_index="1" m_a="1.000000" m_b="0.000000" m_c="0.000000" m_d="1.000000" m_tx="2.976608" m_ty="-27.319689"/>
  </frame>
  <frame idx="2750" w="564" h="564" x="232.976593" y="202.680313">
   <element name="symbol0" layername="tree" frame="0" z_index="1" m_a="1.000000" m_b="0.000000" m_c="0.000000" m_d="1.000000" m_tx="2.976608" m_ty="-27.319689"/>
  </frame>
  <frame idx="2775" w="564" h="564" x="232.976593" y="202.680313">
   <element name="symbol0" layername="tree" frame="0" z_index="1" m_a="1.000000" m_b="0.000000" m_c="0.000000" m_d="1.000000" m_tx="2.976608" m_ty="-27.319689"/>
  </frame>
  <frame idx="2800" w="564" h="564" x="232.976593" y="202.680313">
   <element name="symbol0" layername="tree" frame="0" z_index="1" m_a="1.000000" m_b="0.000000" m_c="0.000000" m_d="1.000000" m_tx="2.976608" m_ty="-27.319689"/>
  </frame>
  <frame idx="2825" w="564" h="564" x="232.976593" y="202.680313">
   <element name="symbol0" layername="tree" frame="0" z_index="1" m_a="1.000000" m_b="0.000000" m_c="0.000000" m_d="1.000000" m_tx="2.976608" m_ty="-27.319689"/>
  </frame>
  <frame idx="2850" w="564" h="564" x="232.976593" y="202.680313">
   <element name="symbol0" layername="tree" frame="0" z_index="1" m_a="1.000000" m_b="0.000000" m_c="0.000000" m_d="1.000000" m_tx="2.976608" m_ty="-27.319689"/>
  </frame>
  <frame idx="2875" w="564" h="564" x="232.976593" y="202.680313">
   <element name="symbol0" layername="tree" frame="0" z_index="1" m_a="1.000000" m_b="0.000000" m_c="0.000000" m_d="1.000000" m_tx="2.976608" m_ty="-27.319689"/>
  </frame>
  <frame idx="2900" w="564" h="564" x="232.976593" y="202.680313">
   <element name="symbol0" layername="tree" frame="0" z_index="1" m_a="1.000000" m_b="0.000000" m_c="0.000000" m_d="1.000000" m_tx="2.976608" m_ty="-27.319689"/>
  </frame>
  <frame idx="2925" w="564" h="564" x="232.976593" y="202.680313">
   <element name="symbol0" layername="tree" frame="0" z_index="1" m_a="1.000000" m_b="0.000000" m_c="0.000000" m_d="1.000000" m_tx="2.976608" m_ty="-27.319689"/>
  </frame>
  <frame idx="2950" w="564" h="564" x="232.976593" y="202.680313">
   <element name="symbol0" layername="tree" frame="0" z_index="1" m_a="1.000000" m_b="0.000000" m_c="0.000000" m_d="1.000000" m_tx="2.976608" m_ty="-27.319689"/>
  </frame>
  <frame idx="2975" w="564" h="564" x="232.976593" y="202.680313">
   <element name="symbol0" layername="tree" frame="0" z_index="1" m_a="1.000000" m_b="0.000000" m_c="0.000000" m_d="1.000000" m_tx="2.976608" m_ty="-27.319689"/>
  </frame>
  <frame idx="3000" w="564" h="564" x="232.976593" y="202.680313">
   <element name="symbol0" layername="tree" frame="0" z_index="1" m_a="1.000000" m_b="0.000000" m_c="0.000000" m_d="1.000000" m_tx="2.976608" m_ty="-27.319689"/>
  </frame>
  <frame idx="3025" w="564" h="564" x="232.976593" y="202.680313">
   <element name="symbol0" layername="tree" frame="0" z_index="1" m_a="1.000000" m_b="0.000000" m_c="0.000000" m_d="1.000000" m_tx="2.976608" m_ty="-27.319689"/>
  </frame>
  <frame idx="3050" w="564" h="564" x="232.976593" y="202.680313">
   <element name="symbol0" layername="tree" frame="0" z_index="1" m_a="1.000000" m_b="0.000000" m_c="0.000000" m_d="1.000000" m_tx="2.976608" m_ty="-27.319689"/>
  </frame>
  <frame idx="3075" w="564" h="564" x="232.976593" y="202.680313">
   <element name="symbol0" layername="tree" frame="0" z_index="1" m_a="1.000000" m_b="0.000000" m_c="0.000000" m_d="1.000000" m_tx="2.976608" m_ty="-27.319689"/>
  </frame>
  <frame idx="3100" w="564" h="564" x="232.976593" y="202.680313">
   <element name="symbol0" layername="tree" frame="0" z_index="1" m_a="1.000000" m_b="0.000000" m_c="0.000000" m_d="1.000000" m_tx="2.976608" m_ty="-27.319689"/>
  </frame>
  <frame idx="3125" w="564" h="564" x="232.976593" y="202.680313">
   <element name="symbol0" layername="tree" frame="0" z_index="1" m_a="1.000000" m_b="0.000000" m_c="0.000000" m_d="1.000000" m_tx="2.976608" m_ty="-27.319689"/>
  </frame>
  <frame idx="3150" w="564" h="564" x="232.976593" y="202.680313">
   <element name="symbol0" layername="tree" frame="0" z_index="1" m_a="1.000000" m_b="0.000000" m_c="0.000000" m_d="1.000000" m_tx="2.976608" m_ty="-27.319689"/>
  </frame>
  <frame idx="3175" w="564" h="564" x="232.976593" y="202.680313">
   <element name="symbol0" layername="tree" frame="0" z_index="1" m_a="1.000000" m_b="0.000000" m_c="0.000000" m_d="1.000000" m_tx="2.976608" m_ty="-27.319689"/>
  </frame>
  <frame idx="3200" w="564" h="564" x="232.976593" y="202.680313">
   <element name="symbol0" layername="tree" frame="0" z_index="1" m_a="1.000000" m_b="0.000000" m_c="0.000000" m_d="1.000000" m_tx="2.976608" m_ty="-27.319689"/>
  </frame>
  <frame idx="3225" w="564" h="564" x="232.976593" y="202.680313">
   <element name="symbol0" layername="tree" frame="0" z_index="1" m_a="1.000000" m_b="0.000000" m_c="0.000000" m_d="1.000000" m_tx="2.976608" m_ty="-27.319689"/>
  </frame>
  <frame idx="3250" w="564" h="564" x="232.976593" y="202.680313">
   <element name="symbol0" layername="tree" frame="0" z_index="1" m_a="1.000000" m_b="0.000000" m_c="0.000000" m_d="1.000000" m_tx="2.976608" m_ty="-27.319689"/>
  </frame>
  <frame idx="3275" w="564" h="564" x="232.976593" y="202.680313">
   <element name="symbol0" layername="tree" frame="0" z_index="1" m_a="1.000000" m_b="0.000000" m_c="0.000000" m_d="1.000000" m_tx="2.976608" m_ty="-27.319689"/>
  </frame>
  <frame idx="3300" w="564" h="564" x="232.976593" y="202.680313">
   <element name="symbol0" layername="tree" frame="0" z_index="1" m_a="1.000000" m_b="0.000000" m_c="0.000000" m_d="1.000000" m_tx="2.976608" m_ty="-27.319689"/>
  </frame>
  <frame idx="3325" w="564" h="564" x="232.976593" y="202.680313">
   <element name="symbol0" layername="tree" frame="0" z_index="1" m_a="1.000000" m_b="0.000000" m_c="0.000000" m_d="1.000000" m_tx="2.976608" m_ty="-27.319689"/>
  </frame>
  <frame idx="3350" w="564" h="564" x="232.976593" y="202.680313">
   <element name="symbol0" layername="tree" frame="0" z_index="1" m_a="1.000000" m_b="0.000000" m_c="0.000000" m_d="1.000000" m_tx="2.976608" m_ty="-27.319689"/>
  </frame>
  <frame idx="3375" w="564" h="564" x="232.976593" y="202.680313">
   <element name="symbol0" layername="tree" frame="0" z_index="1" m_a="1.000000" m_b="0.000000" m_c="0.000000" m_d="1.000000" m_tx="2.976608" m_ty="-27.319689"/>
  </frame>
  <frame idx="3400" w="564" h="564" x="232.976593" y="202.680313">
   <element name="symbol0" layername="tree" frame="0" z_index="1" m_a="1.000000" m_b="0.000000" m_c="0.000000" m_d="1.000000" m_tx="2.976608" m_ty="-27.319689"/>
  </frame>
  <frame idx="3425" w="564" h="564" x="232.976593" y="202.680313">
   <element name="symbol0" layername="tree" frame="0" z_index="1" m_a="1.000000" m_b="0.000000" m_c="0.000000" m_d="1.000000" m_tx="2.976608" m_ty="-27.319689"/>
  </frame>
  <frame idx="3450" w="564" h="564" x="232.976593" y="202.680313">
   <element name="symbol0" layername="tree" frame="0" z_index="1" m_a="1.000000" m_b="0.000000" m_c="0.000000" m_d="1.000000" m_tx="2.976608" m_ty="-27.319689"/>
  </frame>
  <frame idx="3475" w="564" h="564" x="232.976593" y="202.680313">
   <element name="symbol0" layername="tree" frame="0" z_index="1" m_a="1.000000" m_b="0.000000" m_c="0.000000" m_d="1.000000" m_tx="2.976608" m_ty="-27.319689"/>
  </frame>
  <frame idx="3500" w="564" h="564" x="232.976593" y="202.680313">
   <element name="symbol0" layername="tree" frame="0" z_index="1" m_a="1.000000" m_b="0.000000" m_c="0.000000" m_d="1.000000" m_tx="2.976608" m_ty="-27.319689"/>
  </frame>
  <frame idx="3525" w="564" h="564" x="232.976593" y="202.680313">
   <element name="symbol0" layername="tree" frame="0" z_index="1" m_a="1.000000" m_b="0.000000" m_c="0.000000" m_d="1.000000" m_tx="2.976608" m_ty="-27.319689"/>
  </frame>
  <frame idx="3550" w="564" h="564" x="232.976593" y="202.680313">
   <element name="symbol0" layername="tree" frame="0" z_index="1" m_a="1.000000" m_b="0.000000" m_c="0.000000" m_d="1.000000" m_tx="2.976608" m_ty="-27.319689"/>
  </frame>
  <frame idx="3575" w="564" h="564" x="232.976593" y="202.680313">
   <element name="symbol0" layername="tree" frame="0" z_index="1" m_a="1.000000" m_b="0.000000" m_c="0.000000" m_d="1.000000" m_tx="2.976608" m_ty="-27.319689"/>
  </frame>
  <frame idx="3600" w="564" h="564" x="232.976593" y="202.680313">
   <element name="symbol0" layername="tree" frame="0" z_index="1" m_a="1.000000" m_b="0.000000" m_c="0.000000" m_d="1.000000" m_tx="2.976608" m_ty="-27.319689"/>
  </frame>
  <frame idx="3625" w="564" h="564" x="232.976593" y="202.680313">
   <element name="symbol0" layername="tree" frame="0" z_index="1" m_a="1.000000" m_b="0.000000" m_c="0.000000" m_d="1.000000" m_tx="2.976608" m_ty="-27.319689"/>
  </frame>
  <frame idx="3650" w="564" h="564" x="232.976593" y="202.680313">
   <element name="symbol0" layername="tree" frame="0" z_index="1" m_a="1.000000" m_b="0.000000" m_c="0.000000" m_d="1.000000" m_tx="2.976608" m_ty="-27.319689"/>
  </frame>
  <frame idx="3675" w="564" h="564" x="232.976593" y="202.680313">
   <element name="symbol0" layername="tree" frame="0" z_index="1" m_a="1.000000" m_b="0.000000" m_c="0.000000" m_d="1.000000" m_tx="2.976608" m_ty="-27.319689"/>
  </frame>
  <frame idx="3700" w="564" h="564" x="232.976593" y="202.680313">
   <element name="symbol0" layername="tree" frame="0" z_index="1" m_a="1.000000" m_b="0.000000" m_c="0.000000" m_d="1.000000" m_tx="2.976608" m_ty="-27.319689"/>
  </frame>
  <frame idx="3725" w="564" h="564" x="232.976593" y="202.680313">
   <element name="symbol0" layername="tree" frame="0" z_index="1" m_a="1.000000" m_b="0.000000" m_c="0.000000" m_d="1.000000" m_tx="2.976608" m_ty="-27.319689"/>
  </frame>
  <frame idx="3750" w="564" h="564" x="232.976593" y="202.680313">
   <element name="symbol0" layername="tree" frame="0" z_index="1" m_a="1.000000" m_b="0.000000" m_c="0.000000" m_d="1.000000" m_tx="2.976608" m_ty="-27.319689"/>
  </frame>
  <frame idx="3775" w="564" h="564" x="232.976593" y="202.680313">
   <element name="symbol0" layername="tree" frame="0" z_index="1" m_a="1.000000" m_b="0.000000" m_c="0.000000" m_d="1.000000" m_tx="2.976608" m_ty="-27.319689"/>
  </frame>
  <frame idx="3800" w="564" h="564" x="232.976593" y="202.680313">
   <element name="symbol0" layername="tree" frame="0" z_index="1" m_a="1.000000" m_b="0.000000" m_c="0.000000" m_d="1.000000" m_tx="2.976608" m_ty="-27.319689"/>
  </frame>
  <frame idx="3825" w="564" h="564" x="232.976593" y="202.680313">
   <element name="symbol0" layername="tree" frame="0" z_index="1" m_a="1.000000" m_b="0.000000" m_c="0.000000" m_d="1.000000" m_tx="2.976608" m_ty="-27.319689"/>
  </frame>
  <frame idx="3850" w="564" h="564" x="232.976593" y="202.680313">
   <element name="symbol0" layername="tree" frame="0" z_index="1" m_a="1.000000" m_b="0.000000" m_c="0.000000" m_d="1.000000" m_tx="2.976608" m_ty="-27.319689"/>
  </frame>
  <frame idx="3875" w="564" h="564" x="232.976593" y="202.680313">
   <element name="symbol0" layername="tree" frame="0" z_index="1" m_a="1.000000" m_b="0.000000" m_c="0.000000" m_d="1.000000" m_tx="2.976608" m_ty="-27.319689"/>
  </frame>
  <frame idx="3900" w="564" h="564" x="232.976593" y="202.680313">
   <element name="symbol0" layername="tree" frame="0" z_index="1" m_a="1.000000" m_b="0.000000" m_c="0.000000" m_d="1.000000" m_tx="2.976608" m_ty="-27.319689"/>
  </frame>
  <frame idx="3925" w="564" h="564" x="232.976593" y="202.680313">
   <element name="symbol0" layername="tree" frame="0" z_index="1" m_a="1.000000" m_b="0.000000" m_c="0.000000" m_d="1.000000" m_tx="2.976608" m_ty="-27.319689"/>
  </frame>
  <frame idx="3950" w="564" h="564" x="232.976593" y="202.680313">
   <element name="symbol0" layername="tree" frame="0" z_index="1" m_a="1.000000" m_b="0.000000" m_c="0.000000" m_d="1.000000" m_tx="2.976608" m_ty="-27.319689"/>
  </frame>
  <frame idx="3975" w="564" h="564" x="232.976593" y="202.680313">
   <element name="symbol0" layername="tree" frame="0" z_index="1" m_a="1.000000" m_b="0.000000" m_c="0.000000" m_d="1.000000" m_tx="2.976608" m_ty="-27.319689"/>
  </frame>
  <frame idx="4000" w="564" h="564" x="232.976593" y="202.680313">
   <element name="symbol0" layername="tree" frame="0" z_index="1" m_a="1.000000" m_b="0.000000" m_c="0.000000" m_d="1.000000" m_tx="2.976608" m_ty="-27.319689"/>
  </frame>
  <frame idx="4025" w="564" h="564" x="232.976593" y="202.680313">
   <element name="symbol0" layername="tree" frame="0" z_index="1" m_a="1.000000" m_b="0.000000" m_c="0.000000" m_d="1.000000" m_tx="2.976608" m_ty="-27.319689"/>
  </frame>
  <frame idx="4050" w="564" h="564" x="232.976593" y="202.680313">
   <element name="symbol0" layername="tree" frame="0" z_index="1" m_a="1.000000" m_b="0.000000" m_c="0.000000" m_d="1.000000" m_tx="2.976608" m_ty="-27.319689"/>
  </frame>
  <frame idx="4075" w="564" h="564" x="232.976593" y="202.680313">
   <element name="symbol0" layername="tree" frame="0" z_index="1" m_a="1.000000" m_b="0.000000" m_c="0.000000" m_d="1.000000" m_tx="2.976608" m_ty="-27.319689"/>
  </frame>
  <frame idx="4100" w="564" h="564" x="232.976593" y="202.680313">
   <element name="symbol0" layername="tree" frame="0" z_index="1" m_a="1.000000" m_b="0.000000" m_c="0.000000" m_d="1.000000" m_tx="2.976608" m_ty="-27.319689"/>
  </frame>
  <frame idx="4125" w="564" h="564" x="232.976593" y="202.680313">
   <element name="symbol0" layername="tree" frame="0" z_index="1" m_a="1.000000" m_b="0.000000" m_c="0.000000" m_d="1.000000" m_tx="2.976608" m_ty="-27.319689"/>
  </frame>
  <frame idx="4150" w="564" h="564" x="232.976593" y="202.680313">
   <element name="symbol0" layername="tree" frame="0" z_index="1" m_a="1.000000" m_b="0.000000" m_c="0.000000" m_d="1.000000" m_tx="2.976608" m_ty="-27.319689"/>
  </frame>
  <frame idx="4175" w="564" h="564" x="232.976593" y="202.680313">
   <element name="symbol0" layername="tree" frame="0" z_index="1" m_a="1.000000" m_b="0.000000" m_c="0.000000" m_d="1.000000" m_tx="2.976608" m_ty="-27.319689"/>
  </frame>
  <frame idx="4200" w="564" h="564" x="232.976593" y="202.680313">
   <element name="symbol0" layername="tree" frame="0" z_index="1" m_a="1.000000" m_b="0.000000" m_c="0.000000" m_d="1.000000" m_tx="2.976608" m_ty="-27.319689"/>
  </frame>
  <frame idx="4225" w="564" h="564" x="232.976593" y="202.680313">
   <element name="symbol0" layername="tree" frame="0" z_index="1" m_a="1.000000" m_b="0.000000" m_c="0.000000" m_d="1.000000" m_tx="2.976608" m_ty="-27.319689"/>
  </frame>
  <frame idx="4250" w="564" h="564" x="232.976593" y="202.680313">
   <element name="symbol0" layername="tree" frame="0" z_index="1" m_a="1.000000" m_b="0.000000" m_c="0.000000" m_d="1.000000" m_tx="2.976608" m_ty="-27.319689"/>
  </frame>
  <frame idx="4275" w="564" h="564" x="232.976593" y="202.680313">
   <element name="symbol0" layername="tree" frame="0" z_index="1" m_a="1.000000" m_b="0.000000" m_c="0.000000" m_d="1.000000" m_tx="2.976608" m_ty="-27.319689"/>
  </frame>
  <frame idx="4300" w="564" h="564" x="232.976593" y="202.680313">
   <element name="symbol0" layername="tree" frame="0" z_index="1" m_a="1.000000" m_b="0.000000" m_c="0.000000" m_d="1.000000" m_tx="2.976608" m_ty="-27.319689"/>
  </frame>
  <frame idx="4325" w="564" h="564" x="232.976593" y="202.680313">
   <element name="symbol0" layername="tree" frame="0" z_index="1" m_a="1.000000" m_b="0.000000" m_c="0.000000" m_d="1.000000" m_tx="2.976608" m_ty="-27.319689"/>
  </frame>
  <frame idx="4350" w="564" h="564" x="232.976593" y="202.680313">
   <element name="symbol0" layername="tree" frame="0" z_index="1" m_a="1.000000" m_b="0.000000" m_c="0.000000" m_d="1.000000" m_tx="2.976608" m_ty="-27.319689"/>
  </frame>
  <frame idx="4375" w="564" h="564" x="232.976593" y="202.680313">
   <element name="symbol0" layername="tree" frame="0" z_index="1" m_a="1.000000" m_b="0.000000" m_c="0.000000" m_d="1.000000" m_tx="2.976608" m_ty="-27.319689"/>
  </frame>
  <frame idx="4400" w="564" h="564" x="232.976593" y="202.680313">
   <element name="symbol0" layername="tree" frame="0" z_index="1" m_a="1.000000" m_b="0.000000" m_c="0.000000" m_d="1.000000" m_tx="2.976608" m_ty="-27.319689"/>
  </frame>
  <frame idx="4425" w="564" h="564" x="232.976593" y="202.680313">
   <element name="symbol0" layername="tree" frame="0" z_index="1" m_a="1.000000" m_b="0.000000" m_c="0.000000" m_d="1.000000" m_tx="2.976608" m_ty="-27.319689"/>
  </frame>
  <frame idx="4450" w="564" h="564" x="232.976593" y="202.680313">
   <element name="symbol0" layername="tree" frame="0" z_index="1" m_a="1.000000" m_b="0.000000" m_c="0.000000" m_d="1.000000" m_tx="2.976608" m_ty="-27.319689"/>
  </frame>
  <frame idx="4475" w="564" h="564" x="232.976593" y="202.680313">
   <element name="symbol0" layername="tree" frame="0" z_index="1" m_a="1.000000" m_b="0.000000" m_c="0.000000" m_d="1.000000" m_tx="2.976608" m_ty="-27.319689"/>
  </frame>
  <frame idx="4500" w="564" h="564" x="232.976593" y="202.680313">
   <element name="symbol0" layername="tree" frame="0" z_index="1" m_a="1.000000" m_b="0.000000" m_c="0.000000" m_d="1.000000" m_tx="2.976608" m_ty="-27.319689"/>
  </frame>
  <frame idx="4525" w="564" h="564" x="232.976593" y="202.680313">
   <element name="symbol0" layername="tree" frame="0" z_index="1" m_a="1.000000" m_b="0.000000" m_c="0.000000" m_d="1.000000" m_tx="2.976608" m_ty="-27.319689"/>
  </frame>
  <frame idx="4550" w="564" h="564" x="232.976593" y="202.680313">
   <element name="symbol0" layername="tree" frame="0" z_index="1" m_a="1.000000" m_b="0.000000" m_c="0.000000" m_d="1.000000" m_tx="2.976608" m_ty="-27.319689"/>
  </frame>
  <frame idx="4575" w="564" h="564" x="232.976593" y="202.680313">
   <element name="symbol0" layername="tree" frame="0" z_index="1" m_a="1.000000" m_b="0.000000" m_c="0.000000" m_d="1.000000" m_tx="2.976608" m_ty="-27.319689"/>
  </frame>
  <frame idx="4600" w="564" h="564" x="232.976593" y="202.680313">
   <element name="symbol0" layername="tree" frame="0" z_index="1" m_a="1.000000" m_b="0.000000" m_c="0.000000" m_d="1.000000" m_tx="2.976608" m_ty="-27.319689"/>
  </frame>
  <frame idx="4625" w="564" h="564" x="232.976593" y="202.680313">
   <element name="symbol0" layername="tree" frame="0" z_index="1" m_a="1.000000" m_b="0.000000" m_c="0.000000" m_d="1.000000" m_tx="2.976608" m_ty="-27.319689"/>
  </frame>
  <frame idx="4650" w="564" h="564" x="232.976593" y="202.680313">
   <element name="symbol0" layername="tree" frame="0" z_index="1" m_a="1.000000" m_b="0.000000" m_c="0.000000" m_d="1.000000" m_tx="2.976608" m_ty="-27.319689"/>
  </frame>
  <frame idx="4675" w="564" h="564" x="232.976593" y="202.680313">
   <element name="symbol0" layername="tree" frame="0" z_index="1" m_a="1.000000" m_b="0.000000" m_c="0.000000" m_d="1.000000" m_tx="2.976608" m_ty="-27.319689"/>
  </frame>
  <frame idx="4700" w="564" h="564" x="232.976593" y="202.680313">
   <element name="symbol0" layername="tree" frame="0" z_index="1" m_a="1.000000" m_b="0.000000" m_c="0.000000" m_d="1.000000" m_tx="2.976608" m_ty="-27.319689"/>
  </frame>
  <frame idx="4725" w="564" h="564" x="232.976593" y="202.680313">
   <element name="symbol0" layername="tree" frame="0" z_index="1" m_a="1.000000" m_b="0.000000" m_c="0.000000" m_d="1.000000" m_tx="2.976608" m_ty="-27.319689"/>
  </frame>
  <frame idx="4750" w="564" h="564" x="232.976593" y="202.680313">
   <element name="symbol0" layername="tree" frame="0" z_index="1" m_a="1.000000" m_b="0.000000" m_c="0.000000" m_d="1.000000" m_tx="2.976608" m_ty="-27.319689"/>
  </frame>
  <frame idx="4775" w="564" h="564" x="232.976593" y="202.680313">
   <element name="symbol0" layername="tree" frame="0" z_index="1" m_a="1.000000" m_b="0.000000" m_c="0.000000" m_d="1.000000" m_tx="2.976608" m_ty="-27.319689"/>
  </frame>
  <frame idx="4800" w="564" h="564" x="232.976593" y="202.680313">
   <element name="symbol0" layername="tree" frame="0" z_index="1" m_a="1.000000" m_b="0.000000" m_c="0.000000" m_d="1.000000" m_tx="2.976608" m_ty="-27.319689"/>
  </frame>
  <frame idx="4825" w="564" h="564" x="232.976593" y="202.680313">
   <element name="symbol0" layername="tree" frame="0" z_index="1" m_a="1.000000" m_b="0.000000" m_c="0.000000" m_d="1.000000" m_tx="2.976608" m_ty="-27.319689"/>
  </frame>
  <frame idx="4850" w="564" h="564" x="232.976593" y="202.680313">
   <element name="symbol0" layername="tree" frame="0" z_index="1" m_a="1.000000" m_b="0.000000" m_c="0.000000" m_d="1.000000" m_tx="2.976608" m_ty="-27.319689"/>
  </frame>
  <frame idx="4875" w="564" h="564" x="232.976593" y="202.680313">
   <element name="symbol0" layername="tree" frame="0" z_index="1" m_a="1.000000" m_b="0.000000" m_c="0.000000" m_d="1.000000" m_tx="2.976608" m_ty="-27.319689"/>
  </frame>
  <frame idx="4900" w="564" h="564" x="232.976593" y="202.680313">
   <element name="symbol0" layername="tree" frame="0" z_index="1" m_a="1.000000" m_b="0.000000" m_c="0.000000" m_d="1.000000" m_tx="2.976608" m_ty="-27.319689"/>
  </frame>
  <frame idx="4925" w="564" h="564" x="232.976593" y="202.680313">
   <element name="symbol0" layername="tree" frame="0" z_index="1" m_a="1.000000" m_b="0.000000" m_c="0.000000" m_d="1.000000" m_tx="2.976608" m_ty="-27.319689"/>
  </frame>
  <frame idx="4950" w="564" h="564" x="232.976593" y="202.680313">
   <element name="symbol0" layername="tree" frame="0" z_index="1" m_a="1.000000" m_b="0.000000" m_c="0.000000" m_d="1.000000" m_tx="2.976608" m_ty="-27.319689"/>
  </frame>
  <frame idx="4975" w="564" h="564" x="232.976593" y="202.680313">
   <element name="symbol0" layername="tree" frame="0" z_index="1" m_a="1.000000" m_b="0.000000" m_c="0.000000" m_d="1.000000" m_tx="2.976608" m_ty="-27.319689"/>
  </frame>
  <frame idx="5000" w="564" h="564" x="232.976593" y="202.680313">
   <element name="symbol0" layername="tree" frame="0" z_index="1" m_a="1.000000" m_b="0.000000" m_c="0.000000" m_d="1.000000" m_tx="2.976608" m_ty="-27.319689"/>
  </frame>
  <frame idx="5025" w="564" h="564" x="232.976593" y="202.680313">
   <element name="symbol0" layername="tree" frame="0" z_index="1" m_a="1.000000" m_b="0.000000" m_c="0.000000" m_d="1.000000" m_tx="2.976608" m_ty="-27.319689"/>
  </frame>
  <frame idx="5050" w="564" h="564" x="232.976593" y="202.680313">
   <element name="symbol0" layername="tree" frame="0" z_index="1" m_a="1.000000" m_b="0.000000" m_c="0.000000" m_d="1.000000" m_tx="2.976608" m_ty="-27.319689"/>
  </frame>
  <frame idx="5075" w="564" h="564" x="232.976593" y="202.680313">
   <element name="symbol0" layername="tree" frame="0" z_index="1" m_a="1.000000" m_b="0.000000" m_c="0.000000" m_d="1.000000" m_tx="2.976608" m_ty="-27.319689"/>
  </frame>
  <frame idx="5100" w="564" h="564" x="232.976593" y="202.680313">
   <element name="symbol0" layername="tree" frame="0" z_index="1" m_a="1.000000" m_b="0.000000" m_c="0.000000" m_d="1.000000" m_tx="2.976608" m_ty="-27.319689"/>
  </frame>
  <frame idx="5125" w="564" h="564" x="232.976593" y="202.680313">
   <element name="symbol0" layername="tree" frame="0" z_index="1" m_a="1.000000" m_b="0.000000" m_c="0.000000" m_d="1.000000" m_tx="2.976608" m_ty="-27.319689"/>
  </frame>
  <frame idx="5150" w="564" h="564" x="232.976593" y="202.680313">
   <element name="symbol0" layername="tree" frame="0" z_index="1" m_a="1.000000" m_b="0.000000" m_c="0.000000" m_d="1.000000" m_tx="2.976608" m_ty="-27.319689"/>
  </frame>
  <frame idx="5175" w="564" h="564" x="232.976593" y="202.680313">
   <element name="symbol0" layername="tree" frame="0" z_index="1" m_a="1.000000" m_b="0.000000" m_c="0.000000" m_d="1.000000" m_tx="2.976608" m_ty="-27.319689"/>
  </frame>
  <frame idx="5200" w="564" h="564" x="232.976593" y="202.680313">
   <element name="symbol0" layername="tree" frame="0" z_index="1" m_a="1.000000" m_b="0.000000" m_c="0.000000" m_d="1.000000" m_tx="2.976608" m_ty="-27.319689"/>
  </frame>
  <frame idx="5225" w="564" h="564" x="232.976593" y="202.680313">
   <element name="symbol0" layername="tree" frame="0" z_index="1" m_a="1.000000" m_b="0.000000" m_c="0.000000" m_d="1.000000" m_tx="2.976608" m_ty="-27.319689"/>
  </frame>
  <frame idx="5250" w="564" h="564" x="232.976593" y="202.680313">
   <element name="symbol0" layername="tree" frame="0" z_index="1" m_a="1.000000" m_b="0.000000" m_c="0.000000" m_d="1.000000" m_tx="2.976608" m_ty="-27.319689"/>
  </frame>
  <frame idx="5275" w="564" h="564" x="232.976593" y="202.680313">
   <element name="symbol0" layername="tree" frame="0" z_index="1" m_a="1.000000" m_b="0.000000" m_c="0.000000" m_d="1.000000" m_tx="2.976608" m_ty="-27.319689"/>
  </frame>
  <frame idx="5300" w="564" h="564" x="232.976593" y="202.680313">
   <element name="symbol0" layername="tree" frame="0" z_index="1" m_a="1.000000" m_b="0.000000" m_c="0.000000" m_d="1.000000" m_tx="2.976608" m_ty="-27.319689"/>
  </frame>
  <frame idx="5325" w="564" h="564" x="232.976593" y="202.680313">
   <element name="symbol0" layername="tree" frame="0" z_index="1" m_a="1.000000" m_b="0.000000" m_c="0.000000" m_d="1.000000" m_tx="2.976608" m_ty="-27.319689"/>
  </frame>
  <frame idx="5350" w="564" h="564" x="232.976593" y="202.680313">
   <element name="symbol0" layername="tree" frame="0" z_index="1" m_a="1.000000" m_b="0.000000" m_c="0.000000" m_d="1.000000" m_tx="2.976608" m_ty="-27.319689"/>
  </frame>
  <frame idx="5375" w="564" h="564" x="232.976593" y="202.680313">
   <element name="symbol0" layername="tree" frame="0" z_index="1" m_a="1.000000" m_b="0.000000" m_c="0.000000" m_d="1.000000" m_tx="2.976608" m_ty="-27.319689"/>
  </frame>
  <frame idx="5400" w="564" h="564" x="232.976593" y="202.680313">
   <element name="symbol0" layername="tree" frame="0" z_index="1" m_a="1.000000" m_b="0.000000" m_c="0.000000" m_d="1.000000" m_tx="2.976608" m_ty="-27.319689"/>
  </frame>
  <frame idx="5425" w="564" h="564" x="232.976593" y="202.680313">
   <element name="symbol0" layername="tree" frame="0" z_index="1" m_a="1.000000" m_b="0.000000" m_c="0.000000" m_d="1.000000" m_tx="2.976608" m_ty="-27.319689"/>
  </frame>
  <frame idx="5450" w="564" h="564" x="232.976593" y="202.680313">
   <element name="symbol0" layername="tree" frame="0" z_index="1" m_a="1.000000" m_b="0.000000" m_c="0.000000" m_d="1.000000" m_tx="2.976608" m_ty="-27.319689"/>
  </frame>
  <frame idx="5475" w="564" h="564" x="232.976593" y="202.680313">
   <element name="symbol0" layername="tree" frame="0" z_index="1" m_a="1.000000" m_b="0.000000" m_c="0.000000" m_d="1.000000" m_tx="2.976608" m_ty="-27.319689"/>
  </frame>
  <frame idx="5500" w="564" h="564" x="232.976593" y="202.680313">
   <element name="symbol0" layername="tree" frame="0" z_index="1" m_a="1.000000" m_b="0.000000" m_c="0.000000" m_d="1.000000" m_tx="2.976608" m_ty="-27.319689"/>
  </frame>
  <frame idx="5525" w="564" h="564" x="232.976593" y="202.680313">
   <element name="symbol0" layername="tree" frame="0" z_index="1" m_a="1.000000" m_b="0.000000" m_c="0.000000" m_d="1.000000" m_tx="2.976608" m_ty="-27.319689"/>
  </frame>
  <frame idx="5550" w="564" h="564" x="232.976593" y="202.680313">
   <element name="symbol0" layername="tree" frame="0" z_index="1" m_a="1.000000" m_b="0.000000" m_c="0.000000" m_d="1.000000" m_tx="2.976608" m_ty="-27.319689"/>
  </frame>
  <frame idx="5575" w="564" h="564" x="232.976593" y="202.680313">
   <element name="symbol0" layername="tree" frame="0" z_index="1" m_a="1.000000" m_b="0.000000" m_c="0.000000" m_d="1.000000" m_tx="2.976608" m_ty="-27.319689"/>
  </frame>
  <frame idx="5600" w="564" h="564" x="232.976593" y="202.680313">
   <element name="symbol0" layername="tree" frame="0" z_index="1" m_a="1.000000" m_b="0.000000" m_c="0.000000" m_d="1.000000" m_tx="2.976608" m_ty="-27.319689"/>
  </frame>
  <frame idx="5625" w="564" h="564" x="232.976593" y="202.680313">
   <element name="symbol0" layername="tree" frame="0" z_index="1" m_a="1.000000" m_b="0.000000" m_c="0.000000" m_d="1.000000" m_tx="2.976608" m_ty="-27.319689"/>
  </frame>
  <frame idx="5650" w="564" h="564" x="232.976593" y="202.680313">
   <element name="symbol0" layername="tree" frame="0" z_index="1" m_a="1.000000" m_b="0.000000" m_c="0.000000" m_d="1.000000" m_tx="2.976608" m_ty="-27.319689"/>
  </frame>
  <frame idx="5675" w="564" h="564" x="232.976593" y="202.680313">
   <element name="symbol0" layername="tree" frame="0" z_index="1" m_a="1.000000" m_b="0.000000" m_c="0.000000" m_d="1.000000" m_tx="2.976608" m_ty="-27.319689"/>
  </frame>
  <frame idx="5700" w="564" h="564" x="232.976593" y="202.680313">
   <element name="symbol0" layername="tree" frame="0" z_index="1" m_a="1.000000" m_b="0.000000" m_c="0.000000" m_d="1.000000" m_tx="2.976608" m_ty="-27.319689"/>
  </frame>
  <frame idx="5725" w="564" h="564" x="232.976593" y="202.680313">
   <element name="symbol0" layername="tree" frame="0" z_index="1" m_a="1.000000" m_b="0.000000" m_c="0.000000" m_d="1.000000" m_tx="2.976608" m_ty="-27.319689"/>
  </frame>
  <frame idx="5750" w="564" h="564" x="232.976593" y="202.680313">
   <element name="symbol0" layername="tree" frame="0" z_index="1" m_a="1.000000" m_b="0.000000" m_c="0.000000" m_d="1.000000" m_tx="2.976608" m_ty="-27.319689"/>
  </frame>
  <frame idx="5775" w="564" h="564" x="232.976593" y="202.680313">
   <element name="symbol0" layername="tree" frame="0" z_index="1" m_a="1.000000" m_b="0.000000" m_c="0.000000" m_d="1.000000" m_tx="2.976608" m_ty="-27.319689"/>
  </frame>
  <frame idx="5800" w="564" h="564" x="232.976593" y="202.680313">
   <element name="symbol0" layername="tree" frame="0" z_index="1" m_a="1.000000" m_b="0.000000" m_c="0.000000" m_d="1.000000" m_tx="2.976608" m_ty="-27.319689"/>
  </frame>
  <frame idx="5825" w="564" h="564" x="232.976593" y="202.680313">
   <element name="symbol0" layername="tree" frame="0" z_index="1" m_a="1.000000" m_b="0.000000" m_c="0.000000" m_d="1.000000" m_tx="2.976608" m_ty="-27.319689"/>
  </frame>
  <frame idx="5850" w="564" h="564" x="232.976593" y="202.680313">
   <element name="symbol0" layername="tree" frame="0" z_index="1" m_a="1.000000" m_b="0.000000" m_c="0.000000" m_d="1.000000" m_tx="2.976608" m_ty="-27.319689"/>
  </frame>
  <frame idx="5875" w="564" h="564" x="232.976593" y="202.680313">
   <element name="symbol0" layername="tree" frame="0" z_index="1" m_a="1.000000" m_b="0.000000" m_c="0.000000" m_d="1.000000" m_tx="2.976608" m_ty="-27.319689"/>
  </frame>
  <frame idx="5900" w="564" h="564" x="232.976593" y="202.680313">
   <element name="symbol0" layername="tree" frame="0" z_index="1" m_a="1.000000" m_b="0.000000" m_c="0.000000" m_d="1.000000" m_tx="2.976608" m_ty="-27.319689"/>
  </frame>
  <frame idx="5925" w="564" h="564" x="232.976593" y="202.680313">
   <element name="symbol0" layername="tree" frame="0" z_index="1" m_a="1.000000" m_b="0.000000" m_c="0.000000" m_d="1.000000" m_tx="2.976608" m_ty="-27.319689"/>
  </frame>
  <frame idx="5950" w="564" h="564" x="232.976593" y="202.680313">
   <element name="symbol0" layername="tree" frame="0" z_index="1" m_a="1.000000" m_b="0.000000" m_c="0.000000" m_d="1.000000" m_tx="2.976608" m_ty="-27.319689"/>
  </frame>
  <frame idx="5975" w="564" h="564" x="232.976593" y="202.680313">
   <element name="symbol0" layername="tree" frame="0" z_index="1" m_a="1.000000" m_b="0.000000" m_c="0.000000" m_d="1.000000" m_tx="2.976608" m_ty="-27.319689"/>
  </frame>
 </anim>
</Anims>
