<Anims>
 <anim name="idle" root="bearger_boulder" numframes="500" framerate="40">
  <frame idx="0" w="141" h="143" x="0.000000" y="-1.984512">
   <element name="bearger_boulder" layername="lil boulder" frame="0" z_index="5" m_a="1.000000" m_b="0.000000" m_c="0.000000" m_d="1.000000" m_tx="0.000000" m_ty="0.000000"/>
  </frame>
  <frame idx="25" w="141" h="143" x="0.000000" y="-1.984512">
   <element name="bearger_boulder" layername="lil boulder" frame="0" z_index="5" m_a="1.000000" m_b="0.000000" m_c="0.000000" m_d="1.000000" m_tx="0.000000" m_ty="0.000000"/>
  </frame>
  <frame idx="50" w="141" h="143" x="0.000000" y="-1.984512">
   <element name="bearger_boulder" layername="lil boulder" frame="0" z_index="5" m_a="1.000000" m_b="0.000000" m_c="0.000000" m_d="1.000000" m_tx="0.000000" m_ty="0.000000"/>
  </frame>
  <frame idx="75" w="141" h="143" x="0.000000" y="-1.984512">
   <element name="bearger_boulder" layername="lil boulder" frame="0" z_index="5" m_a="1.000000" m_b="0.000000" m_c="0.000000" m_d="1.000000" m_tx="0.000000" m_ty="0.000000"/>
  </frame>
  <frame idx="100" w="141" h="143" x="0.000000" y="-1.984512">
   <element name="bearger_boulder" layername="lil boulder" frame="0" z_index="5" m_a="1.000000" m_b="0.000000" m_c="0.000000" m_d="1.000000" m_tx="0.000000" m_ty="0.000000"/>
  </frame>
  <frame idx="125" w="141" h="143" x="0.000000" y="-1.984512">
   <element name="bearger_boulder" layername="lil boulder" frame="0" z_index="5" m_a="1.000000" m_b="0.000000" m_c="0.000000" m_d="1.000000" m_tx="0.000000" m_ty="0.000000"/>
  </frame>
  <frame idx="150" w="141" h="143" x="0.000000" y="-1.984512">
   <element name="bearger_boulder" layername="lil boulder" frame="0" z_index="5" m_a="1.000000" m_b="0.000000" m_c="0.000000" m_d="1.000000" m_tx="0.000000" m_ty="0.000000"/>
  </frame>
  <frame idx="175" w="141" h="143" x="0.000000" y="-1.984512">
   <element name="bearger_boulder" layername="lil boulder" frame="0" z_index="5" m_a="1.000000" m_b="0.000000" m_c="0.000000" m_d="1.000000" m_tx="0.000000" m_ty="0.000000"/>
  </frame>
  <frame idx="200" w="141" h="143" x="0.000000" y="-1.984512">
   <element name="bearger_boulder" layername="lil boulder" frame="0" z_index="5" m_a="1.000000" m_b="0.000000" m_c="0.000000" m_d="1.000000" m_tx="0.000000" m_ty="0.000000"/>
  </frame>
  <frame idx="225" w="141" h="143" x="0.000000" y="-1.984512">
   <element name="bearger_boulder" layername="lil boulder" frame="0" z_index="5" m_a="1.000000" m_b="0.000000" m_c="0.000000" m_d="1.000000" m_tx="0.000000" m_ty="0.000000"/>
  </frame>
  <frame idx="250" w="141" h="143" x="0.000000" y="-1.984512">
   <element name="bearger_boulder" layername="lil boulder" frame="0" z_index="5" m_a="1.000000" m_b="0.000000" m_c="0.000000" m_d="1.000000" m_tx="0.000000" m_ty="0.000000"/>
  </frame>
  <frame idx="275" w="141" h="143" x="0.000000" y="-1.984512">
   <element name="bearger_boulder" layername="lil boulder" frame="0" z_index="5" m_a="1.000000" m_b="0.000000" m_c="0.000000" m_d="1.000000" m_tx="0.000000" m_ty="0.000000"/>
  </frame>
  <frame idx="300" w="141" h="143" x="0.000000" y="-1.984512">
   <element name="bearger_boulder" layername="lil boulder" frame="0" z_index="5" m_a="1.000000" m_b="0.000000" m_c="0.000000" m_d="1.000000" m_tx="0.000000" m_ty="0.000000"/>
  </frame>
  <frame idx="325" w="141" h="143" x="0.000000" y="-1.984512">
   <element name="bearger_boulder" layername="lil boulder" frame="0" z_index="5" m_a="1.000000" m_b="0.000000" m_c="0.000000" m_d="1.000000" m_tx="0.000000" m_ty="0.000000"/>
  </frame>
  <frame idx="350" w="141" h="143" x="0.000000" y="-1.984512">
   <element name="bearger_boulder" layername="lil boulder" frame="0" z_index="5" m_a="1.000000" m_b="0.000000" m_c="0.000000" m_d="1.000000" m_tx="0.000000" m_ty="0.000000"/>
  </frame>
  <frame idx="375" w="141" h="143" x="0.000000" y="-1.984512">
   <element name="bearger_boulder" layername="lil boulder" frame="0" z_index="5" m_a="1.000000" m_b="0.000000" m_c="0.000000" m_d="1.000000" m_tx="0.000000" m_ty="0.000000"/>
  </frame>
  <frame idx="400" w="141" h="143" x="0.000000" y="-1.984512">
   <element name="bearger_boulder" layername="lil boulder" frame="0" z_index="5" m_a="1.000000" m_b="0.000000" m_c="0.000000" m_d="1.000000" m_tx="0.000000" m_ty="0.000000"/>
  </frame>
  <frame idx="425" w="141" h="143" x="0.000000" y="-1.984512">
   <element name="bearger_boulder" layername="lil boulder" frame="0" z_index="5" m_a="1.000000" m_b="0.000000" m_c="0.000000" m_d="1.000000" m_tx="0.000000" m_ty="0.000000"/>
  </frame>
  <frame idx="450" w="141" h="143" x="0.000000" y="-1.984512">
   <element name="bearger_boulder" layername="lil boulder" frame="0" z_index="5" m_a="1.000000" m_b="0.000000" m_c="0.000000" m_d="1.000000" m_tx="0.000000" m_ty="0.000000"/>
  </frame>
  <frame idx="475" w="141" h="143" x="0.000000" y="-1.984512">
   <element name="bearger_boulder" layername="lil boulder" frame="0" z_index="5" m_a="1.000000" m_b="0.000000" m_c="0.000000" m_d="1.000000" m_tx="0.000000" m_ty="0.000000"/>
  </frame>
 </anim>
 <anim name="spin_loop1" root="bearger_boulder" numframes="500" framerate="40">
  <frame idx="0" w="141" h="143" x="0.000000" y="-1.984512">
   <element name="bearger_boulder" layername="lil boulder" frame="0" z_index="5" m_a="1.000000" m_b="0.000000" m_c="0.000000" m_d="1.000000" m_tx="0.000000" m_ty="0.000000"/>
  </frame>
  <frame idx="25" w="204" h="162" x="-22.909470" y="14.660194">
   <element name="bearger_boulder" layername="lil boulder" frame="0" z_index="5" m_a="0.951057" m_b="0.309017" m_c="-0.309017" m_d="0.951057" m_tx="0.000000" m_ty="0.000000"/>
  </frame>
  <frame idx="50" w="252" h="172" x="-49.841171" y="23.410828">
   <element name="bearger_boulder" layername="lil boulder" frame="0" z_index="5" m_a="0.809017" m_b="0.587785" m_c="-0.587785" m_d="0.809017" m_tx="0.000000" m_ty="0.000000"/>
  </frame>
  <frame idx="75" w="283" h="172" x="-78.158844" y="23.410828">
   <element name="bearger_boulder" layername="lil boulder" frame="0" z_index="5" m_a="0.587785" m_b="0.809017" m_c="-0.809017" m_d="0.587785" m_tx="0.000000" m_ty="0.000000"/>
  </frame>
  <frame idx="100" w="294" h="162" x="-105.090530" y="14.660194">
   <element name="bearger_boulder" layername="lil boulder" frame="0" z_index="5" m_a="0.309017" m_b="0.951057" m_c="-0.951057" m_d="0.309017" m_tx="0.000000" m_ty="0.000000"/>
  </frame>
  <frame idx="125" w="282" h="143" x="-128.000000" y="-1.984512">
   <element name="bearger_boulder" layername="lil boulder" frame="0" z_index="5" m_a="0.000000" m_b="1.000000" m_c="-1.000000" m_d="0.000000" m_tx="0.000000" m_ty="0.000000"/>
  </frame>
  <frame idx="150" w="337" h="206" x="-144.644684" y="-24.893959">
   <element name="bearger_boulder" layername="lil boulder" frame="0" z_index="5" m_a="-0.309017" m_b="0.951057" m_c="-0.951057" m_d="-0.309017" m_tx="0.000000" m_ty="0.000000"/>
  </frame>
  <frame idx="175" w="367" h="255" x="-153.395340" y="-51.825668">
   <element name="bearger_boulder" layername="lil boulder" frame="0" z_index="5" m_a="-0.587785" m_b="0.809017" m_c="-0.809017" m_d="-0.587785" m_tx="0.000000" m_ty="0.000000"/>
  </frame>
  <frame idx="200" w="367" h="285" x="-153.395355" y="-80.143333">
   <element name="bearger_boulder" layername="lil boulder" frame="0" z_index="5" m_a="-0.809017" m_b="0.587785" m_c="-0.587785" m_d="-0.809017" m_tx="0.000000" m_ty="0.000000"/>
  </frame>
  <frame idx="225" w="337" h="296" x="-144.644699" y="-107.075050">
   <element name="bearger_boulder" layername="lil boulder" frame="0" z_index="5" m_a="-0.951057" m_b="0.309017" m_c="-0.309017" m_d="-0.951057" m_tx="0.000000" m_ty="0.000000"/>
  </frame>
  <frame idx="250" w="282" h="284" x="-128.000000" y="-129.984512">
   <element name="bearger_boulder" layername="lil boulder" frame="0" z_index="5" m_a="-1.000000" m_b="0.000000" m_c="-0.000000" m_d="-1.000000" m_tx="0.000000" m_ty="0.000000"/>
  </frame>
  <frame idx="275" w="294" h="339" x="-105.090523" y="-146.629211">
   <element name="bearger_boulder" layername="lil boulder" frame="0" z_index="5" m_a="-0.951056" m_b="-0.309017" m_c="0.309017" m_d="-0.951056" m_tx="0.000000" m_ty="0.000000"/>
  </frame>
  <frame idx="300" w="283" h="369" x="-78.158844" y="-155.379852">
   <element name="bearger_boulder" layername="lil boulder" frame="0" z_index="5" m_a="-0.809017" m_b="-0.587785" m_c="0.587785" m_d="-0.809017" m_tx="0.000000" m_ty="0.000000"/>
  </frame>
  <frame idx="325" w="252" h="369" x="-49.841187" y="-155.379852">
   <element name="bearger_boulder" layername="lil boulder" frame="0" z_index="5" m_a="-0.587785" m_b="-0.809017" m_c="0.809017" m_d="-0.587785" m_tx="0.000000" m_ty="0.000000"/>
  </frame>
  <frame idx="350" w="204" h="339" x="-22.909477" y="-146.629211">
   <element name="bearger_boulder" layername="lil boulder" frame="0" z_index="5" m_a="-0.309017" m_b="-0.951056" m_c="0.951056" m_d="-0.309017" m_tx="0.000000" m_ty="0.000000"/>
  </frame>
  <frame idx="375" w="141" h="284" x="-0.000008" y="-129.984512">
   <element name="bearger_boulder" layername="lil boulder" frame="0" z_index="5" m_a="-0.000000" m_b="-1.000000" m_c="1.000000" m_d="-0.000000" m_tx="0.000000" m_ty="0.000000"/>
  </frame>
  <frame idx="400" w="160" h="296" x="16.644707" y="-107.075050">
   <element name="bearger_boulder" layername="lil boulder" frame="0" z_index="5" m_a="0.309017" m_b="-0.951057" m_c="0.951057" m_d="0.309017" m_tx="0.000000" m_ty="0.000000"/>
  </frame>
  <frame idx="425" w="170" h="285" x="25.395340" y="-80.143349">
   <element name="bearger_boulder" layername="lil boulder" frame="0" z_index="5" m_a="0.587785" m_b="-0.809017" m_c="0.809017" m_d="0.587785" m_tx="0.000000" m_ty="0.000000"/>
  </frame>
  <frame idx="450" w="170" h="255" x="25.395340" y="-51.825684">
   <element name="bearger_boulder" layername="lil boulder" frame="0" z_index="5" m_a="0.809017" m_b="-0.587785" m_c="0.587785" m_d="0.809017" m_tx="0.000000" m_ty="0.000000"/>
  </frame>
  <frame idx="475" w="160" h="206" x="16.644707" y="-24.893982">
   <element name="bearger_boulder" layername="lil boulder" frame="0" z_index="5" m_a="0.951057" m_b="-0.309017" m_c="0.309017" m_d="0.951057" m_tx="0.000000" m_ty="0.000000"/>
  </frame>
 </anim>
 <anim name="spin_loop4" root="bearger_boulder" numframes="1000" framerate="40">
  <frame idx="0" w="141" h="143" x="0.000000" y="-1.984512">
   <element name="bearger_boulder" layername="lil boulder" frame="0" z_index="5" m_a="1.000000" m_b="0.000000" m_c="0.000000" m_d="1.000000" m_tx="0.000000" m_ty="0.000000"/>
  </frame>
  <frame idx="25" w="174" h="154" x="-10.799751" y="7.239349">
   <element name="bearger_boulder" layername="lil boulder" frame="0" z_index="5" m_a="0.987688" m_b="0.156434" m_c="-0.156434" m_d="0.987688" m_tx="0.000000" m_ty="0.000000"/>
  </frame>
  <frame idx="50" w="204" h="162" x="-22.909470" y="14.660194">
   <element name="bearger_boulder" layername="lil boulder" frame="0" z_index="5" m_a="0.951057" m_b="0.309017" m_c="-0.309017" m_d="0.951057" m_tx="0.000000" m_ty="0.000000"/>
  </frame>
  <frame idx="75" w="230" h="169" x="-36.030983" y="20.095299">
   <element name="bearger_boulder" layername="lil boulder" frame="0" z_index="5" m_a="0.891006" m_b="0.453991" m_c="-0.453991" m_d="0.891006" m_tx="0.000000" m_ty="0.000000"/>
  </frame>
  <frame idx="100" w="252" h="172" x="-49.841171" y="23.410828">
   <element name="bearger_boulder" layername="lil boulder" frame="0" z_index="5" m_a="0.809017" m_b="0.587785" m_c="-0.587785" m_d="0.809017" m_tx="0.000000" m_ty="0.000000"/>
  </frame>
  <frame idx="125" w="271" h="173" x="-64.000000" y="24.525154">
   <element name="bearger_boulder" layername="lil boulder" frame="0" z_index="5" m_a="0.707107" m_b="0.707107" m_c="-0.707107" m_d="0.707107" m_tx="0.000000" m_ty="0.000000"/>
  </frame>
  <frame idx="150" w="283" h="172" x="-78.158844" y="23.410828">
   <element name="bearger_boulder" layername="lil boulder" frame="0" z_index="5" m_a="0.587785" m_b="0.809017" m_c="-0.809017" m_d="0.587785" m_tx="0.000000" m_ty="0.000000"/>
  </frame>
  <frame idx="175" w="292" h="169" x="-91.969032" y="20.095299">
   <element name="bearger_boulder" layername="lil boulder" frame="0" z_index="5" m_a="0.453990" m_b="0.891007" m_c="-0.891007" m_d="0.453990" m_tx="0.000000" m_ty="0.000000"/>
  </frame>
  <frame idx="200" w="294" h="162" x="-105.090530" y="14.660194">
   <element name="bearger_boulder" layername="lil boulder" frame="0" z_index="5" m_a="0.309017" m_b="0.951057" m_c="-0.951057" m_d="0.309017" m_tx="0.000000" m_ty="0.000000"/>
  </frame>
  <frame idx="225" w="291" h="154" x="-117.200241" y="7.239349">
   <element name="bearger_boulder" layername="lil boulder" frame="0" z_index="5" m_a="0.156434" m_b="0.987688" m_c="-0.987688" m_d="0.156434" m_tx="0.000000" m_ty="0.000000"/>
  </frame>
  <frame idx="250" w="282" h="143" x="-128.000000" y="-1.984512">
   <element name="bearger_boulder" layername="lil boulder" frame="0" z_index="5" m_a="0.000000" m_b="1.000000" m_c="-1.000000" m_d="0.000000" m_tx="0.000000" m_ty="0.000000"/>
  </frame>
  <frame idx="275" w="313" h="176" x="-137.223862" y="-12.784271">
   <element name="bearger_boulder" layername="lil boulder" frame="0" z_index="5" m_a="-0.156435" m_b="0.987688" m_c="-0.987688" m_d="-0.156435" m_tx="0.000000" m_ty="0.000000"/>
  </frame>
  <frame idx="300" w="337" h="206" x="-144.644684" y="-24.893959">
   <element name="bearger_boulder" layername="lil boulder" frame="0" z_index="5" m_a="-0.309017" m_b="0.951057" m_c="-0.951057" m_d="-0.309017" m_tx="0.000000" m_ty="0.000000"/>
  </frame>
  <frame idx="325" w="356" h="233" x="-150.079803" y="-38.015457">
   <element name="bearger_boulder" layername="lil boulder" frame="0" z_index="5" m_a="-0.453990" m_b="0.891007" m_c="-0.891007" m_d="-0.453990" m_tx="0.000000" m_ty="0.000000"/>
  </frame>
  <frame idx="350" w="367" h="255" x="-153.395340" y="-51.825668">
   <element name="bearger_boulder" layername="lil boulder" frame="0" z_index="5" m_a="-0.587785" m_b="0.809017" m_c="-0.809017" m_d="-0.587785" m_tx="0.000000" m_ty="0.000000"/>
  </frame>
  <frame idx="375" w="370" h="273" x="-154.509674" y="-65.984520">
   <element name="bearger_boulder" layername="lil boulder" frame="0" z_index="5" m_a="-0.707107" m_b="0.707107" m_c="-0.707107" m_d="-0.707107" m_tx="0.000000" m_ty="0.000000"/>
  </frame>
  <frame idx="400" w="367" h="285" x="-153.395355" y="-80.143333">
   <element name="bearger_boulder" layername="lil boulder" frame="0" z_index="5" m_a="-0.809017" m_b="0.587785" m_c="-0.587785" m_d="-0.809017" m_tx="0.000000" m_ty="0.000000"/>
  </frame>
  <frame idx="425" w="356" h="294" x="-150.079803" y="-93.953537">
   <element name="bearger_boulder" layername="lil boulder" frame="0" z_index="5" m_a="-0.891007" m_b="0.453991" m_c="-0.453991" m_d="-0.891007" m_tx="0.000000" m_ty="0.000000"/>
  </frame>
  <frame idx="450" w="337" h="296" x="-144.644699" y="-107.075050">
   <element name="bearger_boulder" layername="lil boulder" frame="0" z_index="5" m_a="-0.951057" m_b="0.309017" m_c="-0.309017" m_d="-0.951057" m_tx="0.000000" m_ty="0.000000"/>
  </frame>
  <frame idx="475" w="313" h="293" x="-137.223877" y="-119.184753">
   <element name="bearger_boulder" layername="lil boulder" frame="0" z_index="5" m_a="-0.987688" m_b="0.156435" m_c="-0.156435" m_d="-0.987688" m_tx="0.000000" m_ty="0.000000"/>
  </frame>
  <frame idx="500" w="282" h="284" x="-128.000000" y="-129.984512">
   <element name="bearger_boulder" layername="lil boulder" frame="0" z_index="5" m_a="-1.000000" m_b="0.000000" m_c="-0.000000" m_d="-1.000000" m_tx="0.000000" m_ty="0.000000"/>
  </frame>
  <frame idx="525" w="291" h="315" x="-117.200249" y="-139.208374">
   <element name="bearger_boulder" layername="lil boulder" frame="0" z_index="5" m_a="-0.987688" m_b="-0.156434" m_c="0.156434" m_d="-0.987688" m_tx="0.000000" m_ty="0.000000"/>
  </frame>
  <frame idx="550" w="294" h="339" x="-105.090523" y="-146.629211">
   <element name="bearger_boulder" layername="lil boulder" frame="0" z_index="5" m_a="-0.951056" m_b="-0.309017" m_c="0.309017" m_d="-0.951056" m_tx="0.000000" m_ty="0.000000"/>
  </frame>
  <frame idx="575" w="292" h="358" x="-91.969040" y="-152.064316">
   <element name="bearger_boulder" layername="lil boulder" frame="0" z_index="5" m_a="-0.891007" m_b="-0.453990" m_c="0.453990" m_d="-0.891007" m_tx="0.000000" m_ty="0.000000"/>
  </frame>
  <frame idx="600" w="283" h="369" x="-78.158844" y="-155.379852">
   <element name="bearger_boulder" layername="lil boulder" frame="0" z_index="5" m_a="-0.809017" m_b="-0.587785" m_c="0.587785" m_d="-0.809017" m_tx="0.000000" m_ty="0.000000"/>
  </frame>
  <frame idx="625" w="271" h="372" x="-64.000000" y="-156.494171">
   <element name="bearger_boulder" layername="lil boulder" frame="0" z_index="5" m_a="-0.707107" m_b="-0.707107" m_c="0.707107" m_d="-0.707107" m_tx="0.000000" m_ty="0.000000"/>
  </frame>
  <frame idx="650" w="252" h="369" x="-49.841187" y="-155.379852">
   <element name="bearger_boulder" layername="lil boulder" frame="0" z_index="5" m_a="-0.587785" m_b="-0.809017" m_c="0.809017" m_d="-0.587785" m_tx="0.000000" m_ty="0.000000"/>
  </frame>
  <frame idx="675" w="230" h="358" x="-36.030983" y="-152.064331">
   <element name="bearger_boulder" layername="lil boulder" frame="0" z_index="5" m_a="-0.453991" m_b="-0.891006" m_c="0.891006" m_d="-0.453991" m_tx="0.000000" m_ty="0.000000"/>
  </frame>
  <frame idx="700" w="204" h="339" x="-22.909477" y="-146.629211">
   <element name="bearger_boulder" layername="lil boulder" frame="0" z_index="5" m_a="-0.309017" m_b="-0.951056" m_c="0.951056" m_d="-0.309017" m_tx="0.000000" m_ty="0.000000"/>
  </frame>
  <frame idx="725" w="174" h="315" x="-10.799744" y="-139.208374">
   <element name="bearger_boulder" layername="lil boulder" frame="0" z_index="5" m_a="-0.156434" m_b="-0.987688" m_c="0.987688" m_d="-0.156434" m_tx="0.000000" m_ty="0.000000"/>
  </frame>
  <frame idx="750" w="141" h="284" x="-0.000008" y="-129.984512">
   <element name="bearger_boulder" layername="lil boulder" frame="0" z_index="5" m_a="-0.000000" m_b="-1.000000" m_c="1.000000" m_d="-0.000000" m_tx="0.000000" m_ty="0.000000"/>
  </frame>
  <frame idx="775" w="152" h="293" x="9.223862" y="-119.184769">
   <element name="bearger_boulder" layername="lil boulder" frame="0" z_index="5" m_a="0.156434" m_b="-0.987688" m_c="0.987688" m_d="0.156434" m_tx="0.000000" m_ty="0.000000"/>
  </frame>
  <frame idx="800" w="160" h="296" x="16.644707" y="-107.075050">
   <element name="bearger_boulder" layername="lil boulder" frame="0" z_index="5" m_a="0.309017" m_b="-0.951057" m_c="0.951057" m_d="0.309017" m_tx="0.000000" m_ty="0.000000"/>
  </frame>
  <frame idx="825" w="167" h="294" x="22.079811" y="-93.953545">
   <element name="bearger_boulder" layername="lil boulder" frame="0" z_index="5" m_a="0.453990" m_b="-0.891007" m_c="0.891007" m_d="0.453990" m_tx="0.000000" m_ty="0.000000"/>
  </frame>
  <frame idx="850" w="170" h="285" x="25.395340" y="-80.143349">
   <element name="bearger_boulder" layername="lil boulder" frame="0" z_index="5" m_a="0.587785" m_b="-0.809017" m_c="0.809017" m_d="0.587785" m_tx="0.000000" m_ty="0.000000"/>
  </frame>
  <frame idx="875" w="171" h="273" x="26.509666" y="-65.984512">
   <element name="bearger_boulder" layername="lil boulder" frame="0" z_index="5" m_a="0.707107" m_b="-0.707107" m_c="0.707107" m_d="0.707107" m_tx="0.000000" m_ty="0.000000"/>
  </frame>
  <frame idx="900" w="170" h="255" x="25.395340" y="-51.825684">
   <element name="bearger_boulder" layername="lil boulder" frame="0" z_index="5" m_a="0.809017" m_b="-0.587785" m_c="0.587785" m_d="0.809017" m_tx="0.000000" m_ty="0.000000"/>
  </frame>
  <frame idx="925" w="167" h="233" x="22.079811" y="-38.015488">
   <element name="bearger_boulder" layername="lil boulder" frame="0" z_index="5" m_a="0.891007" m_b="-0.453991" m_c="0.453991" m_d="0.891007" m_tx="0.000000" m_ty="0.000000"/>
  </frame>
  <frame idx="950" w="160" h="206" x="16.644707" y="-24.893982">
   <element name="bearger_boulder" layername="lil boulder" frame="0" z_index="5" m_a="0.951057" m_b="-0.309017" m_c="0.309017" m_d="0.951057" m_tx="0.000000" m_ty="0.000000"/>
  </frame>
  <frame idx="975" w="152" h="176" x="9.223862" y="-12.784264">
   <element name="bearger_boulder" layername="lil boulder" frame="0" z_index="5" m_a="0.987688" m_b="-0.156434" m_c="0.156434" m_d="0.987688" m_tx="0.000000" m_ty="0.000000"/>
  </frame>
 </anim>
 <anim name="spin_loop2" root="bearger_boulder" numframes="500" framerate="40">
  <frame idx="0" w="141" h="143" x="0.000000" y="-1.984512">
   <element name="bearger_boulder" layername="lil boulder" frame="0" z_index="5" m_a="1.000000" m_b="0.000000" m_c="0.000000" m_d="1.000000" m_tx="0.000000" m_ty="0.000000"/>
  </frame>
  <frame idx="25" w="160" h="206" x="16.644707" y="-24.893982">
   <element name="bearger_boulder" layername="lil boulder" frame="0" z_index="5" m_a="0.951057" m_b="-0.309017" m_c="0.309017" m_d="0.951057" m_tx="0.000000" m_ty="0.000000"/>
  </frame>
  <frame idx="50" w="170" h="255" x="25.395340" y="-51.825684">
   <element name="bearger_boulder" layername="lil boulder" frame="0" z_index="5" m_a="0.809017" m_b="-0.587785" m_c="0.587785" m_d="0.809017" m_tx="0.000000" m_ty="0.000000"/>
  </frame>
  <frame idx="75" w="170" h="285" x="25.395340" y="-80.143356">
   <element name="bearger_boulder" layername="lil boulder" frame="0" z_index="5" m_a="0.587785" m_b="-0.809017" m_c="0.809017" m_d="0.587785" m_tx="0.000000" m_ty="0.000000"/>
  </frame>
  <frame idx="100" w="160" h="296" x="16.644707" y="-107.075050">
   <element name="bearger_boulder" layername="lil boulder" frame="0" z_index="5" m_a="0.309017" m_b="-0.951057" m_c="0.951057" m_d="0.309017" m_tx="0.000000" m_ty="0.000000"/>
  </frame>
  <frame idx="125" w="141" h="284" x="-0.000008" y="-129.984512">
   <element name="bearger_boulder" layername="lil boulder" frame="0" z_index="5" m_a="-0.000000" m_b="-1.000000" m_c="1.000000" m_d="-0.000000" m_tx="0.000000" m_ty="0.000000"/>
  </frame>
  <frame idx="150" w="204" h="339" x="-22.909477" y="-146.629211">
   <element name="bearger_boulder" layername="lil boulder" frame="0" z_index="5" m_a="-0.309017" m_b="-0.951056" m_c="0.951056" m_d="-0.309017" m_tx="0.000000" m_ty="0.000000"/>
  </frame>
  <frame idx="175" w="252" h="369" x="-49.841187" y="-155.379852">
   <element name="bearger_boulder" layername="lil boulder" frame="0" z_index="5" m_a="-0.587785" m_b="-0.809017" m_c="0.809017" m_d="-0.587785" m_tx="0.000000" m_ty="0.000000"/>
  </frame>
  <frame idx="200" w="283" h="369" x="-78.158844" y="-155.379852">
   <element name="bearger_boulder" layername="lil boulder" frame="0" z_index="5" m_a="-0.809017" m_b="-0.587785" m_c="0.587785" m_d="-0.809017" m_tx="0.000000" m_ty="0.000000"/>
  </frame>
  <frame idx="225" w="294" h="339" x="-105.090523" y="-146.629211">
   <element name="bearger_boulder" layername="lil boulder" frame="0" z_index="5" m_a="-0.951056" m_b="-0.309017" m_c="0.309017" m_d="-0.951056" m_tx="0.000000" m_ty="0.000000"/>
  </frame>
  <frame idx="250" w="282" h="284" x="-128.000000" y="-129.984512">
   <element name="bearger_boulder" layername="lil boulder" frame="0" z_index="5" m_a="-1.000000" m_b="0.000000" m_c="-0.000000" m_d="-1.000000" m_tx="0.000000" m_ty="0.000000"/>
  </frame>
  <frame idx="275" w="337" h="296" x="-144.644699" y="-107.075050">
   <element name="bearger_boulder" layername="lil boulder" frame="0" z_index="5" m_a="-0.951057" m_b="0.309017" m_c="-0.309017" m_d="-0.951057" m_tx="0.000000" m_ty="0.000000"/>
  </frame>
  <frame idx="300" w="367" h="285" x="-153.395355" y="-80.143333">
   <element name="bearger_boulder" layername="lil boulder" frame="0" z_index="5" m_a="-0.809017" m_b="0.587785" m_c="-0.587785" m_d="-0.809017" m_tx="0.000000" m_ty="0.000000"/>
  </frame>
  <frame idx="325" w="367" h="255" x="-153.395340" y="-51.825668">
   <element name="bearger_boulder" layername="lil boulder" frame="0" z_index="5" m_a="-0.587785" m_b="0.809017" m_c="-0.809017" m_d="-0.587785" m_tx="0.000000" m_ty="0.000000"/>
  </frame>
  <frame idx="350" w="337" h="206" x="-144.644684" y="-24.893959">
   <element name="bearger_boulder" layername="lil boulder" frame="0" z_index="5" m_a="-0.309017" m_b="0.951057" m_c="-0.951057" m_d="-0.309017" m_tx="0.000000" m_ty="0.000000"/>
  </frame>
  <frame idx="375" w="282" h="143" x="-128.000000" y="-1.984512">
   <element name="bearger_boulder" layername="lil boulder" frame="0" z_index="5" m_a="0.000000" m_b="1.000000" m_c="-1.000000" m_d="0.000000" m_tx="0.000000" m_ty="0.000000"/>
  </frame>
  <frame idx="400" w="294" h="162" x="-105.090515" y="14.660202">
   <element name="bearger_boulder" layername="lil boulder" frame="0" z_index="5" m_a="0.309017" m_b="0.951056" m_c="-0.951056" m_d="0.309017" m_tx="0.000000" m_ty="0.000000"/>
  </frame>
  <frame idx="425" w="283" h="172" x="-78.158806" y="23.410835">
   <element name="bearger_boulder" layername="lil boulder" frame="0" z_index="5" m_a="0.587785" m_b="0.809017" m_c="-0.809017" m_d="0.587785" m_tx="0.000000" m_ty="0.000000"/>
  </frame>
  <frame idx="450" w="252" h="172" x="-49.841171" y="23.410828">
   <element name="bearger_boulder" layername="lil boulder" frame="0" z_index="5" m_a="0.809017" m_b="0.587785" m_c="-0.587785" m_d="0.809017" m_tx="0.000000" m_ty="0.000000"/>
  </frame>
  <frame idx="475" w="204" h="162" x="-22.909470" y="14.660187">
   <element name="bearger_boulder" layername="lil boulder" frame="0" z_index="5" m_a="0.951057" m_b="0.309017" m_c="-0.309017" m_d="0.951057" m_tx="0.000000" m_ty="0.000000"/>
  </frame>
 </anim>
 <anim name="spin_loop3" root="bearger_boulder" numframes="1000" framerate="40">
  <frame idx="0" w="141" h="143" x="0.000000" y="-1.984512">
   <element name="bearger_boulder" layername="lil boulder" frame="0" z_index="5" m_a="1.000000" m_b="0.000000" m_c="0.000000" m_d="1.000000" m_tx="0.000000" m_ty="0.000000"/>
  </frame>
  <frame idx="25" w="152" h="176" x="9.223862" y="-12.784264">
   <element name="bearger_boulder" layername="lil boulder" frame="0" z_index="5" m_a="0.987688" m_b="-0.156434" m_c="0.156434" m_d="0.987688" m_tx="0.000000" m_ty="0.000000"/>
  </frame>
  <frame idx="50" w="160" h="206" x="16.644707" y="-24.893982">
   <element name="bearger_boulder" layername="lil boulder" frame="0" z_index="5" m_a="0.951057" m_b="-0.309017" m_c="0.309017" m_d="0.951057" m_tx="0.000000" m_ty="0.000000"/>
  </frame>
  <frame idx="75" w="167" h="233" x="22.079811" y="-38.015495">
   <element name="bearger_boulder" layername="lil boulder" frame="0" z_index="5" m_a="0.891006" m_b="-0.453991" m_c="0.453991" m_d="0.891006" m_tx="0.000000" m_ty="0.000000"/>
  </frame>
  <frame idx="100" w="170" h="255" x="25.395340" y="-51.825684">
   <element name="bearger_boulder" layername="lil boulder" frame="0" z_index="5" m_a="0.809017" m_b="-0.587785" m_c="0.587785" m_d="0.809017" m_tx="0.000000" m_ty="0.000000"/>
  </frame>
  <frame idx="125" w="171" h="273" x="26.509666" y="-65.984512">
   <element name="bearger_boulder" layername="lil boulder" frame="0" z_index="5" m_a="0.707107" m_b="-0.707107" m_c="0.707107" m_d="0.707107" m_tx="0.000000" m_ty="0.000000"/>
  </frame>
  <frame idx="150" w="170" h="285" x="25.395340" y="-80.143356">
   <element name="bearger_boulder" layername="lil boulder" frame="0" z_index="5" m_a="0.587785" m_b="-0.809017" m_c="0.809017" m_d="0.587785" m_tx="0.000000" m_ty="0.000000"/>
  </frame>
  <frame idx="175" w="167" h="294" x="22.079811" y="-93.953545">
   <element name="bearger_boulder" layername="lil boulder" frame="0" z_index="5" m_a="0.453990" m_b="-0.891007" m_c="0.891007" m_d="0.453990" m_tx="0.000000" m_ty="0.000000"/>
  </frame>
  <frame idx="200" w="160" h="296" x="16.644707" y="-107.075050">
   <element name="bearger_boulder" layername="lil boulder" frame="0" z_index="5" m_a="0.309017" m_b="-0.951057" m_c="0.951057" m_d="0.309017" m_tx="0.000000" m_ty="0.000000"/>
  </frame>
  <frame idx="225" w="152" h="293" x="9.223862" y="-119.184769">
   <element name="bearger_boulder" layername="lil boulder" frame="0" z_index="5" m_a="0.156434" m_b="-0.987688" m_c="0.987688" m_d="0.156434" m_tx="0.000000" m_ty="0.000000"/>
  </frame>
  <frame idx="250" w="141" h="284" x="-0.000008" y="-129.984512">
   <element name="bearger_boulder" layername="lil boulder" frame="0" z_index="5" m_a="-0.000000" m_b="-1.000000" m_c="1.000000" m_d="-0.000000" m_tx="0.000000" m_ty="0.000000"/>
  </frame>
  <frame idx="275" w="174" h="315" x="-10.799744" y="-139.208374">
   <element name="bearger_boulder" layername="lil boulder" frame="0" z_index="5" m_a="-0.156434" m_b="-0.987688" m_c="0.987688" m_d="-0.156434" m_tx="0.000000" m_ty="0.000000"/>
  </frame>
  <frame idx="300" w="204" h="339" x="-22.909477" y="-146.629211">
   <element name="bearger_boulder" layername="lil boulder" frame="0" z_index="5" m_a="-0.309017" m_b="-0.951056" m_c="0.951056" m_d="-0.309017" m_tx="0.000000" m_ty="0.000000"/>
  </frame>
  <frame idx="325" w="230" h="358" x="-36.030983" y="-152.064331">
   <element name="bearger_boulder" layername="lil boulder" frame="0" z_index="5" m_a="-0.453991" m_b="-0.891006" m_c="0.891006" m_d="-0.453991" m_tx="0.000000" m_ty="0.000000"/>
  </frame>
  <frame idx="350" w="252" h="369" x="-49.841187" y="-155.379852">
   <element name="bearger_boulder" layername="lil boulder" frame="0" z_index="5" m_a="-0.587785" m_b="-0.809017" m_c="0.809017" m_d="-0.587785" m_tx="0.000000" m_ty="0.000000"/>
  </frame>
  <frame idx="375" w="271" h="372" x="-64.000000" y="-156.494171">
   <element name="bearger_boulder" layername="lil boulder" frame="0" z_index="5" m_a="-0.707107" m_b="-0.707107" m_c="0.707107" m_d="-0.707107" m_tx="0.000000" m_ty="0.000000"/>
  </frame>
  <frame idx="400" w="283" h="369" x="-78.158844" y="-155.379852">
   <element name="bearger_boulder" layername="lil boulder" frame="0" z_index="5" m_a="-0.809017" m_b="-0.587785" m_c="0.587785" m_d="-0.809017" m_tx="0.000000" m_ty="0.000000"/>
  </frame>
  <frame idx="425" w="292" h="358" x="-91.969040" y="-152.064316">
   <element name="bearger_boulder" layername="lil boulder" frame="0" z_index="5" m_a="-0.891007" m_b="-0.453990" m_c="0.453990" m_d="-0.891007" m_tx="0.000000" m_ty="0.000000"/>
  </frame>
  <frame idx="450" w="294" h="339" x="-105.090523" y="-146.629211">
   <element name="bearger_boulder" layername="lil boulder" frame="0" z_index="5" m_a="-0.951056" m_b="-0.309017" m_c="0.309017" m_d="-0.951056" m_tx="0.000000" m_ty="0.000000"/>
  </frame>
  <frame idx="475" w="291" h="315" x="-117.200249" y="-139.208374">
   <element name="bearger_boulder" layername="lil boulder" frame="0" z_index="5" m_a="-0.987688" m_b="-0.156434" m_c="0.156434" m_d="-0.987688" m_tx="0.000000" m_ty="0.000000"/>
  </frame>
  <frame idx="500" w="282" h="284" x="-128.000000" y="-129.984512">
   <element name="bearger_boulder" layername="lil boulder" frame="0" z_index="5" m_a="-1.000000" m_b="0.000000" m_c="-0.000000" m_d="-1.000000" m_tx="0.000000" m_ty="0.000000"/>
  </frame>
  <frame idx="525" w="313" h="293" x="-137.223877" y="-119.184753">
   <element name="bearger_boulder" layername="lil boulder" frame="0" z_index="5" m_a="-0.987688" m_b="0.156435" m_c="-0.156435" m_d="-0.987688" m_tx="0.000000" m_ty="0.000000"/>
  </frame>
  <frame idx="550" w="337" h="296" x="-144.644699" y="-107.075050">
   <element name="bearger_boulder" layername="lil boulder" frame="0" z_index="5" m_a="-0.951057" m_b="0.309017" m_c="-0.309017" m_d="-0.951057" m_tx="0.000000" m_ty="0.000000"/>
  </frame>
  <frame idx="575" w="356" h="294" x="-150.079803" y="-93.953537">
   <element name="bearger_boulder" layername="lil boulder" frame="0" z_index="5" m_a="-0.891007" m_b="0.453991" m_c="-0.453991" m_d="-0.891007" m_tx="0.000000" m_ty="0.000000"/>
  </frame>
  <frame idx="600" w="367" h="285" x="-153.395355" y="-80.143333">
   <element name="bearger_boulder" layername="lil boulder" frame="0" z_index="5" m_a="-0.809017" m_b="0.587785" m_c="-0.587785" m_d="-0.809017" m_tx="0.000000" m_ty="0.000000"/>
  </frame>
  <frame idx="625" w="370" h="273" x="-154.509674" y="-65.984520">
   <element name="bearger_boulder" layername="lil boulder" frame="0" z_index="5" m_a="-0.707107" m_b="0.707107" m_c="-0.707107" m_d="-0.707107" m_tx="0.000000" m_ty="0.000000"/>
  </frame>
  <frame idx="650" w="367" h="255" x="-153.395340" y="-51.825668">
   <element name="bearger_boulder" layername="lil boulder" frame="0" z_index="5" m_a="-0.587785" m_b="0.809017" m_c="-0.809017" m_d="-0.587785" m_tx="0.000000" m_ty="0.000000"/>
  </frame>
  <frame idx="675" w="356" h="233" x="-150.079803" y="-38.015457">
   <element name="bearger_boulder" layername="lil boulder" frame="0" z_index="5" m_a="-0.453990" m_b="0.891007" m_c="-0.891007" m_d="-0.453990" m_tx="0.000000" m_ty="0.000000"/>
  </frame>
  <frame idx="700" w="337" h="206" x="-144.644684" y="-24.893959">
   <element name="bearger_boulder" layername="lil boulder" frame="0" z_index="5" m_a="-0.309017" m_b="0.951057" m_c="-0.951057" m_d="-0.309017" m_tx="0.000000" m_ty="0.000000"/>
  </frame>
  <frame idx="725" w="313" h="176" x="-137.223862" y="-12.784271">
   <element name="bearger_boulder" layername="lil boulder" frame="0" z_index="5" m_a="-0.156435" m_b="0.987688" m_c="-0.987688" m_d="-0.156435" m_tx="0.000000" m_ty="0.000000"/>
  </frame>
  <frame idx="750" w="282" h="143" x="-128.000000" y="-1.984512">
   <element name="bearger_boulder" layername="lil boulder" frame="0" z_index="5" m_a="0.000000" m_b="1.000000" m_c="-1.000000" m_d="0.000000" m_tx="0.000000" m_ty="0.000000"/>
  </frame>
  <frame idx="775" w="291" h="154" x="-117.200241" y="7.239349">
   <element name="bearger_boulder" layername="lil boulder" frame="0" z_index="5" m_a="0.156435" m_b="0.987688" m_c="-0.987688" m_d="0.156435" m_tx="0.000000" m_ty="0.000000"/>
  </frame>
  <frame idx="800" w="294" h="162" x="-105.090515" y="14.660202">
   <element name="bearger_boulder" layername="lil boulder" frame="0" z_index="5" m_a="0.309017" m_b="0.951056" m_c="-0.951056" m_d="0.309017" m_tx="0.000000" m_ty="0.000000"/>
  </frame>
  <frame idx="825" w="292" h="169" x="-91.969009" y="20.095299">
   <element name="bearger_boulder" layername="lil boulder" frame="0" z_index="5" m_a="0.453991" m_b="0.891006" m_c="-0.891006" m_d="0.453991" m_tx="0.000000" m_ty="0.000000"/>
  </frame>
  <frame idx="850" w="283" h="172" x="-78.158806" y="23.410835">
   <element name="bearger_boulder" layername="lil boulder" frame="0" z_index="5" m_a="0.587785" m_b="0.809017" m_c="-0.809017" m_d="0.587785" m_tx="0.000000" m_ty="0.000000"/>
  </frame>
  <frame idx="875" w="271" h="173" x="-64.000015" y="24.525154">
   <element name="bearger_boulder" layername="lil boulder" frame="0" z_index="5" m_a="0.707107" m_b="0.707107" m_c="-0.707107" m_d="0.707107" m_tx="0.000000" m_ty="0.000000"/>
  </frame>
  <frame idx="900" w="252" h="172" x="-49.841171" y="23.410828">
   <element name="bearger_boulder" layername="lil boulder" frame="0" z_index="5" m_a="0.809017" m_b="0.587785" m_c="-0.587785" m_d="0.809017" m_tx="0.000000" m_ty="0.000000"/>
  </frame>
  <frame idx="925" w="230" h="169" x="-36.030975" y="20.095299">
   <element name="bearger_boulder" layername="lil boulder" frame="0" z_index="5" m_a="0.891007" m_b="0.453991" m_c="-0.453991" m_d="0.891007" m_tx="0.000000" m_ty="0.000000"/>
  </frame>
  <frame idx="950" w="204" h="162" x="-22.909470" y="14.660187">
   <element name="bearger_boulder" layername="lil boulder" frame="0" z_index="5" m_a="0.951057" m_b="0.309017" m_c="-0.309017" m_d="0.951057" m_tx="0.000000" m_ty="0.000000"/>
  </frame>
  <frame idx="975" w="174" h="154" x="-10.799706" y="7.239319">
   <element name="bearger_boulder" layername="lil boulder" frame="0" z_index="5" m_a="0.987688" m_b="0.156434" m_c="-0.156434" m_d="0.987688" m_tx="0.000000" m_ty="0.000000"/>
  </frame>
 </anim>
</Anims>
